,actual,predicted
0,0,0
1,0,0
2,0,0
3,0,0
4,0,0
5,0,0
6,0,0
7,0,0
8,0,0
9,0,0
10,0,0
11,0,0
12,0,0
13,0,0
14,0,1
15,0,1
16,0,0
17,0,0
18,0,0
19,0,0
20,0,0
21,0,0
22,0,0
23,0,0
24,0,0
25,0,0
26,0,0
27,0,0
28,0,0
29,0,0
30,0,0
31,0,0
32,0,0
33,0,0
34,0,0
35,0,0
36,0,0
37,0,0
38,0,0
39,0,0
40,0,0
41,0,0
42,0,0
43,0,0
44,0,0
45,0,0
46,0,1
47,0,0
48,0,0
49,0,0
50,0,0
51,0,0
52,0,0
53,0,1
54,0,0
55,0,0
56,0,0
57,0,1
58,0,0
59,0,0
60,0,0
61,0,0
62,0,0
63,0,0
64,0,0
65,0,0
66,0,0
67,0,0
68,0,0
69,0,0
70,0,0
71,0,0
72,0,0
73,0,0
74,0,0
75,0,0
76,0,0
77,0,0
78,0,0
79,0,1
80,0,0
81,0,0
82,0,0
83,0,0
84,0,0
85,0,0
86,0,1
87,0,0
88,0,1
89,0,0
90,0,1
91,0,1
92,0,1
93,0,0
94,0,0
95,0,0
96,0,0
97,0,0
98,0,0
99,0,0
100,0,0
101,0,0
102,0,0
103,0,0
104,0,0
105,0,0
106,0,0
107,0,0
108,0,0
109,0,1
110,0,0
111,0,0
112,0,0
113,0,0
114,0,0
115,0,0
116,0,0
117,0,0
118,0,0
119,0,0
120,0,0
121,0,0
122,0,0
123,0,0
124,0,0
125,0,0
126,0,0
127,0,0
128,0,0
129,0,0
130,0,1
131,0,0
132,0,0
133,0,0
134,0,0
135,0,0
136,0,0
137,0,0
138,0,0
139,0,0
140,0,0
141,0,0
142,0,0
143,0,0
144,0,0
145,0,1
146,0,0
147,0,0
148,0,0
149,0,0
150,0,0
151,0,0
152,0,0
153,0,0
154,0,1
155,0,1
156,0,1
157,0,1
158,0,0
159,0,0
160,0,0
161,0,0
162,0,0
163,0,1
164,0,1
165,0,0
166,0,0
167,0,0
168,0,0
169,0,0
170,0,0
171,0,0
172,0,0
173,0,0
174,0,0
175,0,0
176,0,0
177,0,0
178,0,0
179,0,0
180,0,0
181,0,0
182,0,0
183,0,0
184,0,0
185,0,0
186,0,0
187,0,0
188,0,1
189,0,1
190,0,1
191,0,0
192,0,1
193,0,0
194,0,0
195,0,1
196,0,0
197,0,0
198,0,0
199,0,0
200,0,0
201,0,1
202,0,0
203,0,0
204,0,0
205,0,0
206,0,0
207,0,1
208,0,0
209,0,0
210,0,0
211,0,0
212,0,0
213,0,0
214,0,0
215,0,1
216,0,0
217,0,0
218,0,0
219,0,1
220,0,0
221,0,0
222,0,0
223,0,0
224,0,0
225,0,0
226,0,0
227,0,0
228,0,0
229,0,0
230,0,0
231,0,0
232,0,0
233,0,0
234,0,0
235,0,0
236,0,0
237,0,0
238,0,0
239,0,0
240,0,0
241,0,0
242,0,0
243,0,0
244,0,0
245,0,0
246,0,0
247,0,0
248,0,0
249,0,0
250,0,0
251,0,0
252,0,0
253,0,0
254,0,0
255,0,1
256,0,0
257,0,0
258,0,0
259,0,0
260,0,0
261,0,0
262,0,0
263,0,0
264,0,0
265,0,0
266,0,0
267,0,0
268,0,0
269,0,0
270,0,0
271,0,0
272,0,0
273,0,0
274,0,0
275,0,0
276,0,0
277,0,0
278,0,0
279,0,0
280,0,0
281,0,0
282,0,0
283,0,0
284,0,0
285,0,0
286,0,0
287,0,0
288,0,0
289,0,0
290,0,0
291,0,0
292,0,0
293,0,0
294,0,0
295,0,0
296,0,0
297,0,0
298,0,0
299,0,0
300,0,0
301,0,0
302,0,0
303,0,0
304,0,0
305,0,0
306,0,0
307,0,0
308,0,0
309,0,0
310,0,0
311,0,0
312,0,0
313,0,1
314,0,0
315,0,0
316,0,0
317,0,0
318,0,0
319,0,0
320,0,0
321,0,0
322,0,0
323,0,0
324,0,0
325,0,0
326,0,0
327,0,0
328,0,0
329,0,0
330,0,0
331,0,0
332,0,1
333,0,0
334,0,0
335,0,0
336,0,0
337,0,0
338,0,0
339,0,0
340,0,0
341,0,0
342,0,0
343,0,0
344,0,0
345,0,0
346,0,0
347,0,0
348,0,0
349,0,0
350,0,0
351,0,0
352,0,0
353,0,0
354,0,1
355,0,0
356,0,0
357,0,0
358,0,0
359,0,0
360,0,0
361,0,0
362,0,0
363,0,0
364,0,0
365,0,0
366,0,0
367,0,0
368,0,0
369,0,0
370,0,0
371,0,0
372,0,0
373,0,0
374,0,0
375,0,0
376,0,0
377,0,0
378,0,0
379,0,0
380,0,0
381,0,0
382,0,0
383,0,0
384,0,0
385,0,0
386,0,0
387,0,0
388,0,0
389,0,0
390,0,0
391,0,0
392,0,0
393,0,0
394,0,0
395,0,0
396,0,1
397,0,0
398,0,0
399,0,0
400,0,1
401,0,0
402,0,0
403,0,0
404,0,0
405,0,0
406,0,0
407,0,0
408,0,0
409,0,0
410,0,0
411,0,0
412,0,0
413,0,0
414,0,1
415,0,1
416,0,0
417,0,1
418,0,0
419,0,0
420,0,0
421,0,0
422,0,0
423,0,0
424,0,0
425,0,0
426,0,0
427,0,0
428,0,0
429,0,0
430,0,0
431,0,0
432,0,0
433,0,0
434,0,0
435,0,0
436,0,0
437,0,0
438,0,0
439,0,0
440,0,0
441,0,0
442,0,0
443,0,0
444,0,0
445,0,0
446,0,0
447,0,0
448,0,0
449,0,0
450,0,0
451,0,0
452,0,0
453,0,0
454,0,0
455,0,0
456,0,0
457,0,0
458,0,0
459,0,0
460,0,0
461,0,0
462,0,0
463,0,1
464,0,0
465,0,0
466,0,0
467,0,0
468,0,0
469,0,0
470,0,0
471,0,0
472,0,0
473,0,0
474,0,0
475,0,0
476,0,0
477,0,0
478,0,0
479,0,0
480,0,0
481,0,0
482,0,0
483,0,0
484,0,0
485,0,0
486,0,0
487,0,0
488,0,0
489,0,0
490,0,0
491,0,0
492,0,0
493,0,0
494,0,0
495,0,0
496,0,0
497,0,1
498,0,0
499,0,0
500,0,0
501,0,0
502,0,0
503,0,0
504,0,0
505,0,0
506,0,0
507,0,0
508,0,0
509,0,0
510,0,0
511,0,0
512,0,0
513,0,0
514,0,0
515,0,1
516,0,0
517,0,0
518,0,0
519,0,0
520,0,0
521,0,0
522,0,1
523,0,1
524,0,1
525,0,0
526,0,0
527,0,0
528,0,0
529,0,0
530,0,0
531,0,0
532,0,0
533,0,0
534,0,0
535,0,0
536,0,0
537,0,0
538,0,0
539,0,0
540,0,0
541,0,0
542,0,0
543,0,0
544,0,0
545,0,0
546,0,0
547,0,0
548,0,0
549,0,0
550,0,0
551,0,0
552,0,0
553,0,0
554,0,0
555,0,0
556,0,0
557,0,0
558,0,0
559,0,0
560,0,0
561,0,1
562,0,1
563,0,0
564,0,0
565,0,0
566,0,0
567,0,0
568,0,0
569,0,0
570,0,0
571,0,0
572,0,0
573,0,0
574,0,0
575,0,0
576,0,0
577,0,0
578,0,0
579,0,0
580,0,0
581,0,0
582,0,0
583,0,0
584,0,0
585,0,0
586,0,0
587,0,0
588,0,0
589,0,0
590,0,0
591,0,1
592,0,0
593,0,0
594,0,0
595,0,0
596,0,0
597,0,0
598,0,0
599,0,0
600,0,0
601,0,0
602,0,0
603,0,0
604,0,0
605,0,0
606,0,0
607,0,0
608,0,0
609,0,0
610,0,0
611,0,0
612,0,0
613,0,0
614,0,0
615,0,0
616,0,0
617,0,0
618,0,0
619,0,0
620,0,0
621,0,0
622,0,0
623,0,0
624,0,0
625,0,0
626,0,0
627,0,0
628,0,0
629,0,0
630,0,0
631,0,0
632,0,0
633,0,0
634,0,0
635,0,0
636,0,1
637,0,1
638,0,0
639,0,0
640,0,0
641,0,0
642,0,0
643,0,0
644,0,0
645,0,0
646,0,0
647,0,0
648,0,0
649,0,1
650,0,0
651,0,1
652,0,0
653,0,0
654,0,0
655,0,0
656,0,0
657,0,0
658,0,0
659,0,0
660,0,0
661,0,0
662,0,0
663,0,0
664,0,0
665,0,0
666,0,0
667,0,0
668,0,0
669,0,0
670,0,0
671,0,0
672,0,1
673,0,0
674,0,0
675,0,0
676,0,0
677,0,0
678,0,0
679,0,0
680,0,0
681,0,0
682,0,0
683,0,0
684,0,1
685,0,0
686,0,0
687,0,0
688,0,0
689,0,0
690,0,0
691,0,0
692,0,0
693,0,1
694,0,1
695,0,0
696,0,0
697,0,0
698,0,0
699,0,0
700,0,0
701,0,0
702,0,0
703,0,0
704,0,0
705,0,0
706,0,0
707,0,0
708,0,0
709,0,0
710,0,0
711,0,0
712,0,0
713,0,0
714,0,0
715,0,0
716,0,0
717,0,0
718,0,0
719,0,0
720,0,0
721,0,0
722,0,0
723,0,1
724,0,0
725,0,0
726,0,0
727,0,0
728,0,0
729,0,0
730,0,0
731,0,0
732,0,0
733,0,0
734,0,0
735,0,0
736,0,0
737,0,0
738,0,0
739,0,0
740,0,0
741,0,1
742,0,0
743,0,0
744,0,0
745,0,0
746,0,0
747,0,0
748,0,0
749,0,0
750,0,0
751,0,0
752,0,0
753,0,0
754,0,0
755,0,0
756,0,0
757,0,0
758,0,0
759,0,0
760,0,0
761,0,0
762,0,0
763,0,0
764,0,0
765,0,0
766,0,0
767,0,0
768,0,0
769,0,0
770,0,0
771,0,1
772,0,1
773,0,0
774,0,0
775,0,0
776,0,0
777,0,0
778,0,0
779,0,0
780,0,0
781,0,0
782,0,0
783,0,0
784,0,0
785,0,0
786,0,0
787,0,0
788,0,0
789,0,1
790,0,0
791,0,1
792,0,0
793,0,0
794,0,0
795,0,0
796,0,0
797,0,0
798,0,0
799,0,0
800,0,0
801,0,0
802,0,0
803,0,0
804,0,0
805,0,0
806,0,0
807,0,0
808,0,0
809,0,0
810,0,0
811,0,0
812,0,0
813,0,0
814,0,0
815,0,0
816,0,0
817,0,0
818,0,0
819,0,0
820,0,0
821,0,0
822,0,0
823,0,0
824,0,0
825,0,0
826,0,0
827,0,0
828,0,0
829,0,0
830,0,0
831,0,0
832,0,0
833,0,0
834,0,0
835,0,0
836,0,0
837,0,0
838,0,0
839,0,0
840,0,0
841,0,0
842,0,0
843,0,0
844,0,0
845,0,0
846,0,0
847,0,0
848,0,0
849,0,0
850,0,0
851,0,0
852,0,1
853,0,0
854,0,0
855,0,0
856,0,0
857,0,0
858,0,0
859,0,0
860,0,0
861,0,0
862,0,0
863,0,0
864,0,0
865,0,0
866,0,0
867,0,0
868,0,0
869,0,0
870,0,0
871,0,0
872,0,0
873,0,0
874,0,0
875,0,0
876,0,0
877,0,0
878,0,0
879,0,0
880,0,0
881,0,0
882,0,0
883,0,0
884,0,0
885,0,0
886,0,0
887,0,0
888,0,0
889,0,0
890,0,0
891,0,0
892,0,0
893,0,0
894,0,0
895,0,0
896,0,0
897,0,0
898,0,0
899,0,0
900,0,0
901,0,0
902,0,0
903,0,0
904,0,0
905,0,1
906,0,0
907,0,0
908,0,0
909,0,0
910,0,0
911,0,0
912,0,0
913,0,0
914,0,0
915,0,0
916,0,0
917,0,0
918,0,0
919,0,0
920,0,0
921,0,0
922,0,0
923,0,0
924,0,0
925,0,0
926,0,0
927,0,0
928,0,0
929,0,0
930,0,0
931,0,0
932,0,0
933,0,0
934,0,0
935,0,0
936,0,0
937,0,0
938,0,0
939,0,0
940,0,0
941,0,0
942,0,0
943,0,0
944,0,0
945,0,0
946,0,0
947,0,0
948,0,0
949,0,0
950,0,0
951,0,0
952,0,0
953,0,0
954,0,0
955,0,0
956,0,0
957,0,0
958,0,0
959,0,0
960,0,0
961,0,0
962,0,0
963,0,0
964,0,0
965,0,0
966,0,0
967,0,1
968,0,0
969,0,0
970,0,0
971,0,0
972,0,0
973,0,0
974,0,0
975,0,0
976,0,0
977,0,1
978,0,0
979,0,0
980,0,0
981,0,0
982,0,0
983,0,0
984,0,0
985,0,0
986,0,0
987,0,0
988,0,0
989,0,0
990,0,0
991,0,0
992,0,0
993,0,0
994,0,0
995,0,0
996,0,0
997,0,0
998,0,0
999,0,0
1000,0,0
1001,0,0
1002,0,0
1003,0,0
1004,0,0
1005,0,0
1006,0,0
1007,0,0
1008,0,0
1009,0,0
1010,0,0
1011,0,0
1012,0,0
1013,0,0
1014,0,0
1015,0,0
1016,0,0
1017,0,1
1018,0,1
1019,0,0
1020,0,0
1021,0,0
1022,0,0
1023,0,0
1024,0,0
1025,0,0
1026,0,0
1027,0,0
1028,0,0
1029,0,0
1030,0,0
1031,0,0
1032,0,0
1033,0,0
1034,0,0
1035,0,0
1036,0,0
1037,0,0
1038,0,0
1039,0,0
1040,0,0
1041,0,0
1042,0,0
1043,0,0
1044,0,0
1045,0,0
1046,0,0
1047,0,0
1048,0,0
1049,0,0
1050,0,0
1051,0,0
1052,0,0
1053,0,0
1054,0,0
1055,0,0
1056,0,0
1057,0,0
1058,0,0
1059,0,0
1060,0,0
1061,0,0
1062,0,0
1063,0,0
1064,0,0
1065,0,0
1066,0,0
1067,0,0
1068,0,0
1069,0,0
1070,0,0
1071,0,0
1072,0,0
1073,0,0
1074,0,0
1075,0,0
1076,0,0
1077,0,0
1078,0,0
1079,0,1
1080,0,0
1081,0,1
1082,0,0
1083,0,0
1084,0,0
1085,0,0
1086,0,0
1087,0,0
1088,0,0
1089,0,0
1090,0,0
1091,0,0
1092,0,0
1093,0,0
1094,0,0
1095,0,0
1096,0,0
1097,0,0
1098,0,0
1099,0,0
1100,0,0
1101,0,0
1102,0,0
1103,0,0
1104,0,0
1105,0,0
1106,0,0
1107,0,0
1108,0,0
1109,0,0
1110,0,0
1111,0,0
1112,0,0
1113,0,0
1114,0,0
1115,0,0
1116,0,0
1117,0,0
1118,0,0
1119,0,0
1120,0,0
1121,0,0
1122,0,0
1123,0,0
1124,0,0
1125,0,0
1126,0,0
1127,0,0
1128,0,0
1129,0,0
1130,0,0
1131,0,1
1132,0,0
1133,0,0
1134,0,0
1135,0,0
1136,0,0
1137,0,0
1138,0,0
1139,0,0
1140,0,0
1141,0,0
1142,0,0
1143,0,0
1144,0,0
1145,0,0
1146,0,0
1147,0,0
1148,0,0
1149,0,0
1150,0,0
1151,0,0
1152,0,0
1153,0,0
1154,0,0
1155,0,0
1156,0,0
1157,0,0
1158,0,0
1159,0,0
1160,0,0
1161,0,0
1162,0,0
1163,0,0
1164,0,0
1165,0,0
1166,0,0
1167,0,0
1168,0,0
1169,0,0
1170,0,0
1171,0,0
1172,0,0
1173,0,0
1174,0,0
1175,0,0
1176,0,0
1177,0,0
1178,0,0
1179,0,0
1180,0,0
1181,0,0
1182,0,0
1183,0,0
1184,0,1
1185,0,0
1186,0,0
1187,0,0
1188,0,1
1189,0,0
1190,0,0
1191,0,0
1192,0,0
1193,0,0
1194,0,0
1195,0,0
1196,0,0
1197,0,0
1198,0,0
1199,0,0
1200,0,0
1201,0,0
1202,0,0
1203,0,0
1204,0,0
1205,0,0
1206,0,0
1207,0,0
1208,0,0
1209,0,0
1210,0,0
1211,0,0
1212,0,0
1213,0,0
1214,0,0
1215,0,0
1216,0,0
1217,0,0
1218,0,0
1219,0,0
1220,0,0
1221,0,0
1222,0,0
1223,0,0
1224,0,0
1225,0,0
1226,0,0
1227,0,0
1228,0,0
1229,0,0
1230,0,0
1231,0,0
1232,0,0
1233,0,0
1234,0,0
1235,0,0
1236,0,0
1237,0,0
1238,0,0
1239,0,0
1240,0,0
1241,0,0
1242,0,0
1243,0,0
1244,0,1
1245,0,0
1246,0,0
1247,0,0
1248,0,0
1249,0,0
1250,0,0
1251,0,0
1252,0,0
1253,0,0
1254,0,0
1255,0,0
1256,0,0
1257,0,0
1258,0,0
1259,0,0
1260,0,0
1261,0,0
1262,0,0
1263,0,0
1264,0,0
1265,0,0
1266,0,0
1267,0,0
1268,0,0
1269,0,0
1270,0,0
1271,0,0
1272,0,0
1273,0,0
1274,0,0
1275,0,0
1276,0,0
1277,0,0
1278,0,0
1279,0,0
1280,0,0
1281,0,0
1282,0,0
1283,0,0
1284,0,0
1285,0,0
1286,0,0
1287,0,0
1288,0,0
1289,0,0
1290,0,0
1291,0,0
1292,0,0
1293,0,0
1294,0,0
1295,0,0
1296,0,0
1297,0,0
1298,0,0
1299,0,0
1300,0,0
1301,0,0
1302,0,0
1303,0,0
1304,0,0
1305,0,0
1306,0,0
1307,0,0
1308,0,0
1309,0,0
1310,0,0
1311,0,0
1312,0,0
1313,0,0
1314,0,0
1315,0,0
1316,0,0
1317,0,0
1318,0,0
1319,0,0
1320,0,0
1321,0,0
1322,0,0
1323,0,0
1324,0,0
1325,0,0
1326,0,0
1327,0,0
1328,0,0
1329,0,0
1330,0,0
1331,0,0
1332,0,0
1333,0,0
1334,0,0
1335,0,0
1336,0,0
1337,0,0
1338,0,0
1339,0,0
1340,0,0
1341,0,0
1342,0,0
1343,0,0
1344,0,0
1345,0,0
1346,0,0
1347,0,0
1348,0,0
1349,0,0
1350,0,0
1351,0,0
1352,0,0
1353,0,0
1354,0,0
1355,0,0
1356,0,0
1357,0,0
1358,0,0
1359,0,0
1360,0,0
1361,0,0
1362,0,0
1363,0,0
1364,0,0
1365,0,0
1366,0,0
1367,0,0
1368,0,0
1369,0,0
1370,0,0
1371,0,0
1372,0,0
1373,0,0
1374,0,0
1375,0,0
1376,0,0
1377,0,0
1378,0,0
1379,0,0
1380,0,0
1381,0,0
1382,0,0
1383,0,0
1384,0,0
1385,0,0
1386,0,0
1387,0,0
1388,0,0
1389,0,1
1390,0,0
1391,0,0
1392,0,0
1393,0,0
1394,0,0
1395,0,0
1396,0,0
1397,0,0
1398,0,0
1399,0,0
1400,0,1
1401,0,1
1402,0,0
1403,0,0
1404,0,0
1405,0,0
1406,0,0
1407,0,0
1408,0,0
1409,0,0
1410,0,0
1411,0,0
1412,0,0
1413,0,0
1414,0,0
1415,0,0
1416,0,0
1417,0,0
1418,0,0
1419,0,1
1420,0,0
1421,0,0
1422,0,0
1423,0,0
1424,0,0
1425,0,0
1426,0,0
1427,0,0
1428,0,0
1429,0,0
1430,0,0
1431,0,0
1432,0,0
1433,0,0
1434,0,0
1435,0,0
1436,0,0
1437,0,0
1438,0,0
1439,0,0
1440,0,0
1441,0,0
1442,0,0
1443,0,0
1444,0,0
1445,0,0
1446,0,0
1447,0,0
1448,0,0
1449,0,0
1450,0,0
1451,0,0
1452,0,0
1453,0,0
1454,0,0
1455,0,0
1456,0,0
1457,0,0
1458,0,0
1459,0,0
1460,0,0
1461,0,0
1462,0,0
1463,0,0
1464,0,0
1465,0,0
1466,0,0
1467,0,0
1468,0,0
1469,0,0
1470,0,0
1471,0,0
1472,0,0
1473,0,0
1474,0,0
1475,0,0
1476,0,0
1477,0,0
1478,0,0
1479,0,0
1480,0,0
1481,0,0
1482,0,0
1483,0,0
1484,0,0
1485,0,0
1486,0,0
1487,0,0
1488,0,0
1489,0,0
1490,0,0
1491,0,0
1492,0,0
1493,0,1
1494,0,0
1495,0,0
1496,0,1
1497,0,0
1498,0,0
1499,0,0
1500,0,0
1501,0,0
1502,0,0
1503,0,0
1504,0,0
1505,0,0
1506,0,0
1507,0,0
1508,0,0
1509,0,0
1510,0,0
1511,0,0
1512,0,0
1513,0,0
1514,0,0
1515,0,0
1516,0,0
1517,0,0
1518,0,0
1519,0,0
1520,0,0
1521,0,0
1522,0,0
1523,0,0
1524,0,0
1525,0,0
1526,0,0
1527,0,0
1528,0,0
1529,0,0
1530,0,0
1531,0,0
1532,0,0
1533,0,0
1534,0,0
1535,0,0
1536,0,0
1537,0,0
1538,0,0
1539,0,0
1540,0,0
1541,0,0
1542,0,0
1543,0,0
1544,0,0
1545,0,0
1546,0,0
1547,0,0
1548,0,0
1549,0,0
1550,0,0
1551,0,0
1552,0,0
1553,0,0
1554,0,0
1555,0,0
1556,0,0
1557,0,0
1558,0,1
1559,0,1
1560,0,1
1561,0,1
1562,0,0
1563,0,0
1564,0,0
1565,0,0
1566,0,0
1567,0,0
1568,0,0
1569,0,0
1570,0,0
1571,0,0
1572,0,0
1573,0,0
1574,0,0
1575,0,0
1576,0,0
1577,0,0
1578,0,0
1579,0,0
1580,0,0
1581,0,0
1582,0,0
1583,0,0
1584,0,0
1585,0,0
1586,0,0
1587,0,0
1588,0,0
1589,0,0
1590,0,0
1591,0,0
1592,0,0
1593,0,0
1594,0,0
1595,0,0
1596,0,0
1597,0,0
1598,0,0
1599,1,1
1600,1,1
1601,1,0
1602,1,1
1603,1,1
1604,1,0
1605,1,1
1606,1,1
1607,1,1
1608,1,1
1609,1,0
1610,1,0
1611,1,0
1612,1,1
1613,1,1
1614,1,1
1615,1,0
1616,1,0
1617,1,1
1618,1,1
1619,1,0
1620,1,0
1621,1,1
1622,1,1
1623,1,1
1624,1,1
1625,1,1
1626,1,1
1627,1,1
1628,1,1
1629,1,1
1630,1,0
1631,1,0
1632,1,1
1633,1,1
1634,1,1
1635,1,1
1636,1,1
1637,1,1
1638,1,1
1639,1,1
1640,1,1
1641,1,1
1642,1,1
1643,1,1
1644,1,1
1645,1,1
1646,1,1
1647,1,1
1648,1,1
1649,1,1
1650,1,1
1651,1,0
1652,1,1
1653,1,1
1654,1,1
1655,1,1
1656,1,1
1657,1,0
1658,1,1
1659,1,1
1660,1,1
1661,1,1
1662,1,0
1663,1,1
1664,1,1
1665,1,1
1666,1,1
1667,1,0
1668,1,0
1669,1,1
1670,1,1
1671,1,1
1672,1,0
1673,1,0
1674,1,0
1675,1,0
1676,1,0
1677,1,0
1678,1,0
1679,1,1
1680,1,1
1681,1,1
1682,1,1
1683,1,1
1684,1,1
1685,1,1
1686,1,1
1687,1,1
1688,1,1
1689,1,1
1690,1,1
1691,1,1
1692,1,1
1693,1,1
1694,1,1
1695,1,1
1696,1,0
1697,1,0
1698,1,1
1699,1,1
1700,1,1
1701,1,1
1702,1,1
1703,1,1
1704,1,1
1705,1,1
1706,1,1
1707,1,1
1708,1,1
1709,1,1
1710,1,1
1711,1,1
1712,1,1
1713,1,1
1714,1,0
1715,1,1
1716,1,0
1717,1,1
1718,1,1
1719,1,0
1720,1,1
1721,1,1
1722,1,1
1723,1,1
1724,1,1
1725,1,1
1726,1,1
1727,1,1
1728,1,1
1729,1,0
1730,1,1
1731,1,1
1732,1,1
1733,1,1
1734,1,1
1735,1,1
1736,1,1
1737,1,0
1738,1,0
1739,1,0
1740,1,1
1741,1,0
1742,1,0
1743,1,0
1744,1,1
1745,1,1
1746,1,0
1747,1,0
1748,1,1
1749,1,1
1750,1,1
1751,1,1
1752,1,0
1753,1,0
1754,1,1
1755,1,1
1756,1,1
1757,1,1
1758,1,1
1759,1,1
1760,1,1
1761,1,0
1762,1,1
1763,1,1
1764,1,1
1765,1,1
1766,1,0
1767,1,1
1768,1,0
1769,1,1
1770,1,0
1771,1,0
1772,1,1
1773,1,1
1774,1,1
1775,1,0
1776,1,1
1777,1,0
1778,1,1
1779,1,1
1780,1,1
1781,1,1
1782,1,1
1783,1,1
1784,1,1
1785,1,1
1786,1,1
1787,1,0
1788,1,1
1789,1,1
1790,1,1
1791,1,1
1792,1,1
1793,1,1
1794,1,1
1795,1,1
1796,1,1
1797,1,1
1798,1,1
1799,1,1
1800,1,1
1801,1,1
1802,1,1
1803,1,1
1804,1,1
1805,1,1
1806,1,1
1807,1,0
1808,1,1
1809,1,0
1810,1,1
1811,1,1
1812,1,1
1813,1,0
1814,1,1
1815,1,1
1816,1,1
1817,1,1
1818,1,1
1819,1,1
1820,1,1
1821,1,0
1822,1,1
1823,1,1
1824,1,1
1825,1,1
1826,1,1
1827,1,1
1828,1,1
1829,1,1
1830,1,1
1831,1,1
1832,1,1
1833,1,1
1834,1,1
1835,1,1
1836,1,1
1837,1,1
1838,1,1
1839,1,1
1840,1,0
1841,1,0
1842,1,1
1843,1,1
1844,1,1
1845,1,1
1846,1,0
1847,1,0
1848,1,1
1849,1,1
1850,1,1
1851,1,1
1852,1,0
1853,1,1
1854,1,1
1855,1,0
1856,1,0
1857,1,1
1858,1,0
1859,1,0
1860,1,1
1861,1,0
1862,1,1
1863,1,1
1864,1,1
1865,1,1
1866,1,1
1867,1,1
1868,1,1
1869,1,1
1870,1,1
1871,1,1
1872,1,1
1873,1,1
1874,1,1
1875,1,1
1876,1,0
1877,1,0
1878,1,0
1879,1,1
1880,1,1
1881,1,1
1882,1,1
1883,1,1
1884,1,1
1885,1,1
1886,1,1
1887,1,1
1888,1,1
1889,1,1
1890,1,1
1891,1,1
1892,1,1
1893,1,1
1894,1,1
1895,1,1
1896,1,1
1897,1,1
1898,1,1
1899,1,0
1900,1,0
1901,1,0
1902,1,1
1903,1,1
1904,1,1
1905,1,1
1906,1,1
1907,1,1
1908,1,1
1909,1,0
1910,1,1
1911,1,1
1912,1,1
1913,1,1
1914,1,1
1915,1,1
1916,1,1
1917,1,1
1918,1,0
1919,1,0
1920,1,1
1921,1,1
1922,1,1
1923,1,1
1924,1,1
1925,1,1
1926,1,1
1927,1,1
1928,1,0
1929,1,0
1930,1,1
1931,1,0
1932,1,1
1933,1,0
1934,1,0
1935,1,0
1936,1,1
1937,1,1
1938,1,1
1939,1,1
1940,1,1
1941,1,1
1942,1,1
1943,1,1
1944,1,1
1945,1,0
1946,1,1
1947,1,1
1948,1,1
1949,1,1
1950,1,1
1951,1,1
1952,1,1
1953,1,1
1954,1,1
1955,1,1
1956,1,1
1957,1,1
1958,1,1
1959,1,1
1960,1,0
1961,1,1
1962,1,1
1963,1,0
1964,1,1
1965,1,1
1966,1,1
1967,1,1
1968,1,0
1969,1,1
1970,1,1
1971,1,1
1972,1,1
1973,1,0
1974,1,0
1975,1,1
1976,1,0
1977,1,1
1978,1,1
1979,1,0
1980,1,1
1981,1,1
1982,1,1
1983,1,1
1984,1,0
1985,1,1
1986,1,1
1987,1,1
1988,1,1
1989,1,1
1990,1,0
1991,1,1
1992,1,0
1993,1,1
1994,1,1
1995,1,0
1996,1,0
1997,1,1
1998,1,0
1999,1,0
2000,1,1
2001,1,0
2002,1,1
2003,1,1
2004,1,1
2005,1,0
2006,1,1
2007,1,1
2008,1,0
2009,1,1
2010,1,1
2011,1,0
2012,1,0
2013,1,1
2014,1,1
2015,1,0
2016,1,1
2017,1,0
2018,1,1
2019,1,1
2020,1,1
2021,1,1
2022,1,1
2023,1,1
2024,1,1
2025,1,1
2026,1,1
2027,1,0
2028,1,1
2029,1,1
2030,1,0
2031,1,1
2032,1,1
2033,1,0
2034,1,0
2035,1,1
2036,1,1
2037,1,1
2038,1,0
2039,1,0
2040,1,1
2041,1,1
2042,1,1
2043,1,1
2044,1,0
2045,1,1
2046,1,1
2047,1,1
2048,1,1
2049,1,1
2050,1,1
2051,1,1
2052,1,1
2053,1,1
2054,1,1
2055,1,0
2056,1,1
2057,1,1
2058,1,1
2059,1,1
2060,1,1
2061,1,1
2062,1,0
2063,1,1
2064,1,1
2065,1,1
2066,1,0
2067,1,1
2068,1,1
2069,1,1
2070,1,1
2071,1,0
2072,1,1
2073,1,0
2074,1,1
2075,1,0
2076,1,1
2077,1,1
2078,1,1
2079,1,1
2080,1,0
2081,1,1
2082,1,1
2083,1,1
2084,1,1
2085,1,1
2086,1,0
2087,1,1
2088,1,1
2089,1,0
2090,1,0
2091,1,1
2092,1,1
2093,1,0
2094,1,1
2095,1,1
2096,1,1
2097,1,1
2098,1,1
2099,1,1
2100,1,1
2101,1,1
2102,1,1
2103,1,1
2104,1,1
2105,1,1
2106,1,1
2107,1,1
2108,1,1
2109,1,1
2110,1,1
2111,1,1
2112,1,0
2113,1,1
2114,1,1
2115,1,1
2116,1,1
2117,1,0
2118,1,0
2119,1,1
2120,1,1
2121,1,0
2122,1,0
2123,1,0
2124,1,1
2125,1,0
2126,1,1
2127,1,0
2128,1,0
2129,1,0
2130,1,1
2131,1,1
2132,1,1
2133,1,1
2134,1,1
2135,1,1
2136,1,1
2137,1,0
2138,1,1
2139,1,1
2140,1,1
2141,1,1
2142,1,1
2143,1,1
2144,1,1
2145,1,1
2146,1,0
2147,1,1
2148,1,1
2149,1,1
2150,1,0
2151,1,1
2152,1,1
2153,1,1
2154,1,0
2155,1,1
2156,1,1
2157,1,1
2158,1,1
2159,1,1
2160,1,1
2161,1,1
2162,1,1
2163,1,1
2164,1,0
2165,1,0
2166,1,1
2167,1,1
2168,1,1
2169,1,1
2170,1,0
2171,1,1
2172,1,1
2173,1,1
2174,1,1
2175,1,1
2176,1,1
2177,1,0
2178,1,1
2179,1,1
2180,1,1
2181,1,1
2182,1,0
2183,1,1
2184,1,0
2185,1,1
2186,1,1
2187,1,1
2188,1,1
2189,1,1
2190,1,1
2191,1,1
2192,1,1
2193,1,1
2194,1,1
2195,1,1
2196,1,1
2197,1,1
2198,1,0
2199,1,1
2200,1,0
2201,1,1
2202,1,1
2203,1,1
2204,1,1
2205,1,1
2206,1,1
2207,1,1
2208,1,0
2209,1,1
2210,1,0
2211,1,1
2212,1,1
2213,1,1
2214,1,1
2215,1,0
2216,1,1
2217,1,1
2218,1,1
2219,1,1
2220,1,1
2221,1,1
2222,1,0
2223,1,1
2224,1,1
2225,1,1
2226,1,1
2227,1,1
2228,1,0
2229,1,1
2230,1,1
2231,1,1
2232,1,1
2233,1,1
2234,1,1
2235,1,1
2236,1,1
2237,1,1
2238,1,1
2239,1,1
2240,1,1
2241,1,1
2242,1,1
2243,1,1
2244,1,1
2245,1,1
2246,1,1
2247,1,1
2248,1,1
2249,1,1
2250,1,1
2251,1,1
2252,1,1
2253,1,1
2254,1,1
2255,1,0
2256,1,1
2257,1,1
2258,1,1
2259,1,0
2260,1,1
2261,1,1
2262,1,0
2263,1,1
2264,1,1
2265,1,1
2266,1,1
2267,1,1
2268,1,1
2269,1,1
2270,1,0
2271,1,1
2272,1,1
2273,1,1
2274,1,1
2275,1,1
2276,1,0
2277,1,0
2278,1,0
2279,1,1
2280,1,1
2281,1,1
2282,1,1
2283,1,1
2284,1,1
2285,1,1
2286,1,1
2287,1,1
2288,1,1
2289,1,1
2290,1,1
2291,1,1
2292,1,1
2293,1,1
2294,1,1
2295,1,0
2296,1,1
2297,1,1
2298,1,1
2299,1,1
2300,1,1
2301,1,0
2302,1,1
2303,1,1
2304,1,0
2305,1,1
2306,1,1
2307,1,1
2308,1,0
2309,1,1
2310,1,1
2311,1,1
2312,1,1
2313,1,1
2314,1,1
2315,1,1
2316,1,1
2317,1,1
2318,1,1
2319,1,1
2320,1,1
2321,1,1
2322,1,0
2323,1,1
2324,1,1
2325,1,1
2326,1,0
2327,1,1
2328,1,1
2329,1,1
2330,1,1
2331,1,0
2332,1,1
2333,1,1
2334,1,1
2335,1,1
2336,1,1
2337,1,1
2338,1,1
2339,1,0
2340,1,0
2341,1,1
2342,1,1
2343,1,1
2344,1,1
2345,1,1
2346,1,1
2347,1,1
2348,1,1
2349,1,1
2350,1,1
2351,1,1
2352,1,1
2353,1,1
2354,1,0
2355,1,1
2356,1,1
2357,1,1
2358,1,1
2359,1,1
2360,1,1
2361,1,1
2362,1,1
2363,1,1
2364,1,1
2365,1,1
2366,1,0
2367,1,1
2368,1,1
2369,1,1
2370,1,1
2371,1,1
2372,1,1
2373,1,1
2374,1,0
2375,1,0
2376,1,1
2377,1,1
2378,1,1
2379,1,0
2380,1,1
2381,1,1
2382,1,1
2383,1,1
2384,1,1
2385,1,1
2386,1,1
2387,1,1
2388,1,1
2389,1,1
2390,1,0
2391,1,1
2392,1,0
2393,1,1
2394,1,1
2395,1,1
2396,1,1
2397,1,1
2398,1,0
2399,1,1
2400,1,1
2401,1,1
2402,1,1
2403,1,1
2404,1,1
2405,1,1
2406,1,1
2407,1,1
2408,1,1
2409,1,1
2410,1,1
2411,1,1
2412,1,1
2413,1,1
2414,1,1
2415,1,0
2416,1,1
2417,1,1
2418,1,1
2419,1,0
2420,1,1
2421,1,0
2422,1,1
2423,1,0
2424,1,1
2425,1,1
2426,1,1
2427,1,0
2428,1,0
2429,1,1
2430,1,1
2431,1,0
2432,1,0
2433,1,1
2434,1,0
2435,1,1
2436,1,1
2437,1,1
2438,1,1
2439,1,1
2440,1,1
2441,1,1
2442,1,0
2443,1,1
2444,1,1
2445,1,1
2446,1,0
2447,1,1
2448,1,0
2449,1,0
2450,1,1
2451,1,1
2452,1,1
2453,1,1
2454,1,1
2455,1,1
2456,1,1
2457,1,1
2458,1,1
2459,1,0
2460,1,1
2461,1,1
2462,1,0
2463,1,1
2464,1,1
2465,1,1
2466,1,1
2467,1,1
2468,1,0
2469,1,1
2470,1,1
2471,1,1
2472,1,0
2473,1,0
2474,1,1
2475,1,1
2476,1,0
2477,1,1
2478,1,0
2479,1,1
2480,1,1
2481,1,1
2482,1,1
2483,1,1
2484,1,0
2485,1,1
2486,1,0
2487,1,1
2488,1,0
2489,1,1
2490,1,1
2491,1,1
2492,1,1
2493,1,1
2494,1,0
2495,1,1
2496,1,0
2497,1,0
2498,1,1
2499,1,1
2500,1,1
2501,1,1
2502,1,1
2503,1,1
2504,1,0
2505,1,0
2506,1,1
2507,1,1
2508,1,1
2509,1,1
2510,1,1
2511,1,1
2512,1,0
2513,1,0
2514,1,0
2515,1,1
2516,1,1
2517,1,0
2518,1,0
2519,1,1
2520,1,1
2521,1,1
2522,1,1
2523,1,1
2524,1,0
2525,1,0
2526,1,1
2527,1,1
2528,1,1
2529,1,0
2530,1,1
2531,1,1
2532,1,1
2533,1,1
2534,1,1
2535,1,0
2536,1,1
2537,1,1
2538,1,1
2539,1,1
2540,1,1
2541,1,0
2542,1,1
2543,1,1
2544,1,0
2545,1,1
2546,1,1
2547,1,0
2548,1,0
2549,1,1
2550,1,1
2551,1,0
2552,1,1
2553,1,1
2554,1,1
2555,1,1
2556,1,0
2557,1,0
2558,1,1
2559,1,1
2560,1,0
2561,1,1
2562,1,1
2563,1,1
2564,1,0
2565,1,1
2566,1,1
2567,1,0
2568,1,0
2569,1,0
2570,1,0
2571,1,1
2572,1,0
2573,1,1
2574,1,0
2575,1,1
2576,1,1
2577,1,1
2578,1,0
2579,1,0
2580,1,1
2581,1,0
2582,1,0
2583,1,1
2584,1,1
2585,1,1
2586,1,1
2587,1,1
2588,1,1
2589,1,1
2590,1,0
2591,1,1
2592,1,0
2593,1,1
2594,1,1
2595,1,0
2596,1,1
2597,1,1
2598,1,1
2599,1,0
2600,1,1
2601,1,1
2602,1,1
2603,1,1
2604,1,0
2605,1,1
2606,1,0
2607,1,1
2608,1,1
2609,1,0
2610,1,1
2611,1,0
2612,1,1
2613,1,1
2614,1,1
2615,1,1
2616,1,0
2617,1,1
2618,1,1
2619,1,1
2620,1,1
2621,1,1
2622,1,1
2623,1,1
2624,1,1
2625,1,1
2626,1,0
2627,1,1
2628,1,1
2629,1,1
2630,1,1
2631,1,1
2632,1,1
2633,1,1
2634,1,1
2635,1,0
2636,1,0
2637,1,0
2638,1,0
2639,1,1
2640,1,0
2641,1,0
2642,1,1
2643,1,0
2644,1,0
2645,1,0
2646,1,0
2647,1,0
2648,1,1
2649,1,1
2650,1,1
2651,1,0
2652,1,1
2653,1,0
2654,1,1
2655,1,1
2656,1,1
2657,1,1
2658,1,1
2659,1,1
2660,1,1
2661,1,1
2662,1,1
2663,1,1
2664,1,1
2665,1,1
2666,1,1
2667,1,0
2668,1,1
2669,1,1
2670,1,1
2671,1,1
2672,1,1
2673,1,1
2674,1,1
2675,1,1
2676,1,1
2677,1,1
2678,1,1
2679,1,1
2680,1,1
2681,1,1
2682,1,1
2683,1,1
2684,1,1
2685,1,1
2686,1,1
2687,1,1
2688,1,1
2689,1,1
2690,1,1
2691,1,1
2692,1,1
2693,1,1
2694,1,0
2695,1,1
2696,1,1
2697,1,1
2698,1,1
2699,1,1
2700,1,1
2701,1,1
2702,1,1
2703,1,1
2704,1,1
2705,1,1
2706,1,0
2707,1,0
2708,1,1
2709,1,0
2710,1,0
2711,1,1
2712,1,0
2713,1,0
2714,1,0
2715,1,0
2716,1,1
2717,1,0
2718,1,1
2719,1,0
2720,1,1
2721,1,0
2722,1,1
2723,1,1
2724,1,1
2725,1,1
2726,1,0
2727,1,0
2728,1,1
2729,1,1
2730,1,1
2731,1,1
2732,1,1
2733,1,1
2734,1,1
2735,1,1
2736,1,1
2737,1,1
2738,1,0
2739,1,0
2740,1,1
2741,1,1
2742,1,1
2743,1,1
2744,1,1
2745,1,1
2746,1,1
2747,1,1
2748,1,1
2749,1,1
2750,1,1
2751,1,0
2752,1,0
2753,1,1
2754,1,1
2755,1,1
2756,1,1
2757,1,1
2758,1,1
2759,1,1
2760,1,1
2761,1,1
2762,1,1
2763,1,0
2764,1,1
2765,1,0
2766,1,1
2767,1,0
2768,1,1
2769,1,1
2770,1,1
2771,1,1
2772,1,0
2773,1,1
2774,1,1
2775,1,1
2776,1,1
2777,1,1
2778,1,0
2779,1,1
2780,1,1
2781,1,0
2782,1,1
2783,1,1
2784,1,1
2785,1,1
2786,1,0
2787,1,1
2788,1,0
2789,1,1
2790,1,1
2791,1,0
2792,1,1
2793,1,1
2794,1,1
2795,1,1
2796,1,1
2797,1,0
2798,1,0
2799,1,0
2800,1,0
2801,1,1
2802,1,0
2803,1,0
2804,1,1
2805,1,1
2806,1,1
2807,1,1
2808,1,1
2809,1,0
2810,1,1
2811,1,1
2812,1,0
2813,1,0
2814,1,1
2815,1,0
2816,1,1
2817,1,1
2818,1,0
2819,1,1
2820,1,1
2821,1,1
2822,1,1
2823,1,0
2824,1,0
2825,1,0
2826,1,0
2827,1,0
2828,1,0
2829,1,1
2830,1,1
2831,1,0
2832,1,1
2833,1,1
2834,1,1
2835,1,0
2836,1,1
2837,1,1
2838,1,1
2839,1,1
2840,1,1
2841,1,1
2842,1,1
2843,1,1
2844,1,1
2845,1,1
2846,1,0
2847,1,0
2848,1,1
2849,1,1
2850,1,1
2851,1,1
2852,1,1
2853,1,1
2854,1,0
2855,1,1
2856,1,1
2857,1,1
2858,1,1
2859,1,1
2860,1,1
2861,1,1
2862,1,1
2863,1,0
2864,1,1
2865,1,1
2866,1,1
2867,1,1
2868,1,1
2869,1,1
2870,1,1
2871,1,1
2872,1,1
2873,1,1
2874,1,1
2875,1,1
2876,1,1
2877,1,1
2878,1,1
2879,1,1
2880,1,1
2881,1,1
2882,1,1
2883,1,1
2884,1,1
2885,1,1
2886,1,1
2887,1,0
2888,1,0
2889,1,0
2890,1,1
2891,1,0
2892,1,0
2893,1,0
2894,1,1
2895,1,1
2896,1,1
2897,1,1
2898,1,1
2899,1,1
2900,1,1
2901,1,1
2902,1,1
2903,1,1
2904,1,1
2905,1,0
2906,1,1
2907,1,1
2908,1,0
2909,1,1
2910,1,1
2911,1,1
2912,1,1
2913,1,1
2914,1,1
2915,1,1
2916,1,1
2917,1,0
2918,1,1
2919,1,0
2920,1,1
2921,1,1
2922,1,1
2923,1,1
2924,1,1
2925,1,1
2926,1,1
2927,1,0
2928,1,0
2929,1,0
2930,1,0
2931,1,1
2932,1,1
2933,1,0
2934,1,1
2935,1,1
2936,1,1
2937,1,1
2938,1,1
2939,1,1
2940,1,1
2941,1,1
2942,1,1
2943,1,1
2944,1,1
2945,1,1
2946,1,1
2947,1,1
2948,1,0
2949,1,1
2950,1,1
2951,1,1
2952,1,1
2953,1,1
2954,1,1
2955,1,1
2956,1,1
2957,1,0
2958,1,1
2959,1,1
2960,1,1
2961,1,1
2962,1,0
2963,1,1
2964,1,1
2965,1,0
2966,1,1
2967,1,1
2968,1,1
2969,1,1
2970,1,1
2971,1,1
2972,1,1
2973,1,1
2974,1,1
2975,1,1
2976,1,1
2977,1,1
2978,1,1
2979,1,1
2980,1,0
2981,1,0
2982,1,0
2983,1,1
2984,1,1
2985,1,1
2986,1,0
2987,1,1
2988,1,1
2989,1,1
2990,1,0
2991,1,0
2992,1,0
2993,1,1
2994,1,0
2995,1,1
2996,1,1
2997,1,1
2998,1,0
2999,1,1
3000,1,1
3001,1,1
3002,1,1
3003,1,0
3004,1,1
3005,1,0
3006,1,0
3007,1,1
3008,1,1
3009,1,0
3010,1,0
3011,1,1
3012,1,1
3013,1,1
3014,1,0
3015,1,1
3016,1,1
3017,1,1
3018,1,0
3019,1,1
3020,1,0
3021,1,0
3022,1,1
3023,1,1
3024,1,1
3025,1,1
3026,1,1
3027,1,0
3028,1,0
3029,1,1
3030,1,0
3031,1,0
3032,1,0
3033,1,1
3034,1,0
3035,1,1
3036,1,0
3037,1,1
3038,1,1
3039,1,1
3040,1,1
3041,1,1
3042,1,1
3043,1,1
3044,1,1
3045,1,0
3046,1,1
3047,1,1
3048,1,1
3049,1,1
3050,1,1
3051,1,1
3052,1,1
3053,1,1
3054,1,1
3055,1,0
3056,1,1
3057,1,1
3058,1,1
3059,1,1
3060,1,1
3061,1,1
3062,1,1
3063,1,1
3064,1,1
3065,1,1
3066,1,0
3067,1,0
3068,1,1
3069,1,1
3070,1,1
3071,1,0
3072,1,1
3073,1,0
3074,1,1
3075,1,1
3076,1,0
3077,1,1
3078,1,1
3079,1,1
3080,1,1
3081,1,1
3082,1,0
3083,1,1
3084,1,1
3085,1,0
3086,1,1
3087,1,1
3088,1,1
3089,1,1
3090,1,0
3091,1,1
3092,1,1
3093,1,1
3094,1,1
3095,1,0
3096,1,1
3097,1,0
3098,1,1
3099,1,1
3100,1,1
3101,1,1
3102,1,1
3103,1,1
3104,1,1
3105,1,1
3106,1,1
3107,1,1
3108,1,1
3109,1,1
3110,1,1
3111,1,1
3112,1,1
3113,1,1
3114,1,1
3115,1,1
3116,1,1
3117,1,0
3118,1,1
3119,1,1
3120,1,1
3121,1,1
3122,1,1
3123,1,1
3124,1,1
3125,1,1
3126,1,1
3127,1,1
3128,1,1
3129,1,1
3130,1,1
3131,1,1
3132,1,0
3133,1,1
3134,1,1
3135,1,0
3136,1,1
3137,1,0
3138,1,0
3139,1,1
3140,1,0
3141,1,0
3142,1,0
3143,1,0
3144,1,1
3145,1,1
3146,1,1
3147,1,0
3148,1,1
3149,1,1
3150,1,1
3151,1,1
3152,1,1
3153,1,1
3154,1,1
3155,1,1
3156,1,1
3157,1,1
3158,1,0
3159,1,1
3160,1,0
3161,1,1
3162,1,1
3163,1,0
3164,1,1
3165,1,1
3166,1,0
3167,1,1
3168,1,1
3169,1,1
3170,1,1
3171,1,1
3172,1,1
3173,1,0
3174,1,1
3175,1,0
3176,1,1
3177,1,1
3178,1,1
3179,1,1
3180,1,0
3181,1,1
3182,1,1
3183,1,1
3184,1,1
3185,1,1
3186,1,1
3187,1,1
3188,1,1
3189,1,1
3190,1,1
3191,1,1
3192,1,0
3193,1,1
3194,1,1
3195,1,1
3196,1,1
3197,1,0
3198,1,0
3199,1,1
3200,1,1
3201,1,0
3202,1,0
3203,1,1
3204,1,1
3205,1,1
3206,1,1
3207,1,1
3208,1,1
3209,1,1
3210,1,0
3211,1,0
3212,1,1
3213,1,1
3214,1,1
3215,1,1
3216,1,1
3217,1,1
3218,1,1
3219,1,0
3220,1,1
3221,1,1
3222,1,1
3223,1,1
3224,1,1
3225,1,1
3226,1,1
3227,1,0
3228,1,0
3229,1,1
3230,1,0
3231,1,1
3232,1,0
3233,1,1
3234,1,1
3235,1,1
3236,1,1
3237,1,1
3238,1,0
3239,1,1
3240,1,1
3241,1,1
3242,1,1
3243,1,1
3244,1,1
3245,1,1
3246,1,0
3247,1,0
3248,1,1
3249,1,1
3250,1,1
3251,1,1
3252,1,1
3253,1,1
3254,1,1
3255,1,0
3256,1,1
3257,1,1
3258,1,1
3259,1,1
3260,1,1
3261,1,1
3262,1,1
3263,1,1
3264,1,1
3265,1,0
3266,1,1
3267,1,0
3268,1,1
3269,1,1
3270,1,0
3271,1,1
3272,1,1
3273,1,1
3274,1,1
3275,1,0
3276,1,1
3277,1,1
3278,1,1
3279,1,1
3280,1,1
3281,1,1
3282,1,1
3283,1,1
3284,1,1
3285,1,1
3286,1,1
3287,1,1
3288,1,1
3289,1,1
3290,1,1
3291,1,1
3292,1,1
3293,1,1
3294,1,1
3295,1,1
3296,1,1
3297,1,1
3298,1,1
3299,1,1
3300,1,1
3301,1,0
3302,1,1
3303,1,1
3304,1,1
3305,1,1
3306,1,1
3307,1,1
3308,1,1
3309,1,0
3310,1,1
3311,1,1
3312,1,1
3313,1,1
3314,1,1
3315,1,0
3316,1,1
3317,1,1
3318,1,0
3319,1,1
3320,1,1
3321,1,1
3322,1,1
3323,1,1
3324,1,1
3325,1,0
3326,1,1
3327,1,1
3328,1,1
3329,1,0
3330,1,1
3331,1,1
3332,1,1
3333,1,1
3334,1,1
3335,1,0
3336,1,1
3337,1,0
3338,1,0
3339,1,1
3340,1,1
3341,1,1
3342,1,1
3343,1,1
3344,1,1
3345,1,0
3346,1,1
3347,1,0
3348,1,1
3349,1,1
3350,1,1
3351,1,1
3352,1,1
3353,1,0
3354,1,1
3355,1,1
3356,1,1
3357,1,0
3358,1,1
3359,1,1
3360,1,1
3361,1,0
3362,1,0
3363,1,1
3364,1,1
3365,1,1
3366,1,1
3367,1,1
3368,1,0
3369,1,1
3370,1,1
3371,1,1
3372,1,1
3373,1,0
3374,1,1
3375,1,1
3376,1,1
3377,1,1
3378,1,1
3379,1,1
3380,1,1
3381,1,1
3382,1,0
3383,1,1
3384,1,1
3385,1,1
3386,1,1
3387,1,1
3388,1,1
3389,1,1
3390,1,1
3391,1,1
3392,1,1
3393,1,1
3394,1,1
3395,1,1
3396,1,1
3397,1,1
3398,1,1
3399,1,1
3400,1,0
3401,1,1
3402,1,1
3403,1,1
3404,1,1
3405,1,1
3406,1,1
3407,1,1
3408,1,1
3409,1,1
3410,1,1
3411,1,0
3412,1,0
3413,1,0
3414,1,1
3415,1,1
3416,1,1
3417,1,0
3418,1,1
3419,1,1
3420,1,0
3421,1,0
3422,1,1
3423,1,1
3424,1,0
3425,1,1
3426,1,1
3427,1,1
3428,1,1
3429,1,1
3430,1,1
3431,1,1
3432,1,1
3433,1,1
3434,1,1
3435,1,0
3436,1,0
3437,1,1
3438,1,0
3439,1,1
3440,1,0
3441,1,1
3442,1,1
3443,1,0
3444,1,1
3445,1,1
3446,1,1
3447,1,1
3448,1,1
3449,1,1
3450,1,0
3451,1,1
3452,1,0
3453,1,1
3454,1,1
3455,1,1
3456,1,1
3457,1,1
3458,1,1
3459,1,1
3460,1,1
3461,1,0
3462,1,1
3463,1,1
3464,1,1
3465,1,1
3466,1,1
3467,1,1
3468,1,1
3469,1,1
3470,1,1
3471,1,1
3472,1,1
3473,1,1
3474,1,1
3475,1,1
3476,1,0
3477,1,1
3478,1,0
3479,1,1
3480,1,0
3481,1,1
3482,1,1
3483,1,1
3484,1,0
3485,1,0
3486,1,1
3487,1,1
3488,1,1
3489,1,1
3490,1,1
3491,1,1
3492,1,1
3493,1,1
3494,1,1
3495,1,1
3496,1,1
3497,1,0
3498,1,0
3499,1,1
3500,1,1
3501,1,1
3502,1,0
3503,1,1
3504,1,1
3505,1,1
3506,1,1
3507,1,0
3508,1,1
3509,1,1
3510,1,0
3511,1,1
3512,1,1
3513,1,1
3514,1,0
3515,1,1
3516,1,0
3517,1,1
3518,1,1
3519,1,1
3520,1,1
3521,1,1
3522,1,0
3523,1,0
3524,1,0
3525,1,0
3526,1,1
3527,1,1
3528,1,1
3529,1,1
3530,1,1
3531,1,0
3532,1,1
3533,1,0
3534,1,1
3535,1,1
3536,1,1
3537,1,0
3538,1,1
3539,1,1
3540,1,1
3541,1,1
3542,1,1
3543,1,1
3544,1,1
3545,1,1
3546,1,1
3547,1,1
3548,1,1
3549,1,1
3550,1,1
3551,1,1
3552,1,1
3553,1,1
3554,1,1
3555,1,0
3556,1,0
3557,1,1
3558,1,0
3559,1,0
3560,1,1
3561,1,0
3562,1,1
3563,1,1
3564,1,1
3565,1,1
3566,1,1
3567,1,1
3568,1,1
3569,1,1
3570,1,1
3571,1,1
3572,1,1
3573,1,1
3574,1,1
3575,1,1
3576,1,1
3577,1,0
3578,1,1
3579,1,1
3580,1,1
3581,1,1
3582,1,1
3583,1,1
3584,1,1
3585,1,1
3586,1,1
3587,1,1
3588,1,0
3589,1,0
3590,1,1
3591,1,0
3592,1,1
3593,1,1
3594,1,1
3595,1,1
3596,1,1
3597,1,1
3598,1,1
3599,1,1
3600,1,1
3601,1,1
3602,1,1
3603,1,1
3604,1,1
3605,1,1
3606,1,0
3607,1,1
3608,1,0
3609,1,0
3610,1,1
3611,1,1
3612,1,1
3613,1,0
3614,1,0
3615,1,0
3616,1,0
3617,1,1
3618,1,1
3619,1,1
3620,1,1
3621,1,1
3622,1,1
3623,1,1
3624,1,1
3625,1,0
3626,1,1
3627,1,1
3628,1,1
3629,1,1
3630,1,1
3631,1,0
3632,1,1
3633,1,1
3634,1,0
3635,1,1
3636,1,1
3637,1,0
3638,1,0
3639,1,1
3640,1,0
3641,1,0
3642,1,0
3643,1,1
3644,1,0
3645,1,1
3646,1,1
3647,1,1
3648,1,1
3649,1,1
3650,1,1
3651,1,1
3652,1,0
3653,1,0
3654,1,1
3655,1,1
3656,1,1
3657,1,1
3658,1,1
3659,1,1
3660,1,0
3661,1,1
3662,1,1
3663,1,1
3664,1,1
3665,1,1
3666,1,1
3667,1,0
3668,1,1
3669,1,1
3670,1,1
3671,1,1
3672,1,1
3673,1,1
3674,1,1
3675,1,1
3676,1,1
3677,1,1
3678,1,1
3679,1,1
3680,1,0
3681,1,1
3682,1,0
3683,1,1
3684,1,1
3685,1,0
3686,1,1
3687,1,1
3688,1,1
3689,1,1
3690,1,1
3691,1,0
3692,1,1
3693,1,1
3694,1,1
3695,1,1
3696,1,1
3697,1,1
3698,1,1
3699,1,1
3700,1,0
3701,1,1
3702,1,1
3703,1,1
3704,1,1
3705,1,1
3706,1,1
3707,1,1
3708,1,1
3709,1,1
3710,1,1
3711,1,1
3712,1,0
3713,1,1
3714,1,1
3715,1,0
3716,1,1
3717,1,1
3718,1,1
3719,1,1
3720,1,1
3721,1,1
3722,1,1
3723,1,1
3724,1,1
3725,1,1
3726,1,1
3727,1,1
3728,1,1
3729,1,1
3730,1,1
3731,1,1
3732,1,1
3733,1,1
3734,1,1
3735,1,1
3736,1,1
3737,1,0
3738,1,0
3739,1,1
3740,1,1
3741,1,1
3742,1,0
3743,1,1
3744,1,1
3745,1,0
3746,1,1
3747,1,0
3748,1,0
3749,1,0
3750,1,1
3751,1,0
3752,1,0
3753,1,1
3754,1,1
3755,1,0
3756,1,0
3757,1,0
3758,1,0
3759,1,1
3760,1,0
3761,1,1
3762,1,0
3763,1,1
3764,1,1
3765,1,1
3766,1,1
3767,1,1
3768,1,1
3769,1,1
3770,1,1
3771,1,1
3772,1,1
3773,1,1
3774,1,1
3775,1,1
3776,1,1
3777,1,1
3778,1,0
3779,1,1
3780,1,1
3781,1,1
3782,1,1
3783,1,0
3784,1,0
3785,1,0
3786,1,1
3787,1,0
3788,1,1
3789,1,1
3790,1,1
3791,1,1
3792,1,1
3793,1,0
3794,1,1
3795,1,0
3796,1,0
3797,1,1
3798,1,1
3799,1,1
3800,1,1
3801,1,1
3802,1,1
3803,1,1
3804,1,1
3805,1,1
3806,1,1
3807,1,1
3808,1,1
3809,1,1
3810,1,1
3811,1,1
3812,1,0
3813,1,1
3814,1,1
3815,1,0
3816,1,1
3817,1,1
3818,1,1
3819,1,1
3820,1,1
3821,1,1
3822,1,1
3823,1,1
3824,1,1
3825,1,1
3826,1,1
3827,1,1
3828,1,1
3829,1,1
3830,1,1
3831,1,0
3832,1,1
3833,1,0
3834,1,1
3835,1,1
3836,1,1
3837,1,1
3838,1,1
3839,1,1
3840,1,1
3841,1,1
3842,1,1
3843,1,1
3844,1,1
3845,1,1
3846,1,1
3847,1,0
3848,1,1
3849,1,1
3850,1,0
3851,1,1
3852,1,1
3853,1,1
3854,1,1
3855,1,1
3856,1,1
3857,1,1
3858,1,1
3859,1,1
3860,1,1
3861,1,0
3862,1,1
3863,1,1
3864,1,1
3865,1,1
3866,1,1
3867,1,1
3868,1,1
3869,1,0
3870,1,1
3871,1,0
3872,1,0
3873,1,0
3874,1,1
3875,1,1
3876,1,0
3877,1,1
3878,1,1
3879,1,0
3880,1,0
3881,1,1
3882,1,1
3883,1,1
3884,1,1
3885,1,1
3886,1,1
3887,1,1
3888,1,0
3889,1,0
3890,1,1
3891,1,1
3892,1,0
3893,1,1
3894,1,1
3895,1,1
3896,1,1
3897,1,0
3898,1,1
3899,1,1
3900,1,1
3901,1,1
3902,1,1
3903,1,1
3904,1,1
3905,1,1
3906,1,1
3907,1,1
3908,1,1
3909,1,1
3910,1,1
3911,1,1
3912,1,0
3913,1,1
3914,1,1
3915,1,1
3916,1,1
3917,1,1
3918,1,0
3919,1,1
3920,1,1
3921,1,1
3922,1,1
3923,1,1
3924,1,1
3925,1,0
3926,1,1
3927,1,0
3928,1,1
3929,1,1
3930,1,1
3931,1,1
3932,1,1
3933,1,1
3934,1,1
3935,1,1
3936,1,1
3937,1,1
3938,1,0
3939,1,1
3940,1,1
3941,1,0
3942,1,1
3943,1,0
3944,1,1
3945,1,1
3946,1,0
3947,1,1
3948,1,1
3949,1,1
3950,1,1
3951,1,1
3952,1,0
3953,1,0
3954,1,1
3955,1,1
3956,1,0
3957,1,1
3958,1,1
3959,1,1
3960,1,0
3961,1,1
3962,1,1
3963,1,1
3964,1,1
3965,1,1
3966,1,1
3967,1,1
3968,1,1
3969,1,0
3970,1,1
3971,1,0
3972,1,0
3973,1,1
3974,1,1
3975,1,1
3976,1,0
3977,1,1
3978,1,1
3979,1,1
3980,1,1
3981,1,0
3982,1,0
3983,1,0
3984,1,1
3985,1,1
3986,1,1
3987,1,0
3988,1,0
3989,1,1
3990,1,1
3991,1,1
3992,1,1
3993,1,1
3994,1,1
3995,1,1
3996,1,0
3997,1,0
3998,1,0
3999,1,0
4000,1,0
4001,1,1
4002,1,1
4003,1,1
4004,1,1
4005,1,0
4006,1,0
4007,1,1
4008,1,0
4009,1,1
4010,1,1
4011,1,1
4012,1,0
4013,1,1
4014,1,0
4015,1,1
4016,1,1
4017,1,0
4018,1,1
4019,1,1
4020,1,1
4021,1,1
4022,1,1
4023,1,1
4024,1,1
4025,1,1
4026,1,1
4027,1,1
4028,1,1
4029,1,1
4030,1,1
4031,1,1
4032,1,1
4033,1,1
4034,1,1
4035,1,1
4036,1,1
4037,1,1
4038,1,1
4039,1,1
4040,1,1
4041,1,1
4042,1,1
4043,1,1
4044,1,1
4045,1,1
4046,1,1
4047,1,1
4048,1,1
4049,1,1
4050,1,1
4051,1,1
4052,1,1
4053,1,1
4054,1,1
4055,1,1
4056,1,1
4057,1,1
4058,1,1
4059,1,1
4060,1,0
4061,1,0
4062,1,1
4063,1,1
4064,1,1
4065,1,1
4066,1,1
4067,1,0
4068,1,1
4069,1,1
4070,1,1
4071,1,0
4072,1,1
4073,1,0
4074,1,1
4075,1,1
4076,1,0
4077,1,1
4078,1,1
4079,1,1
4080,1,1
4081,1,1
4082,1,1
4083,1,1
4084,1,1
4085,1,1
4086,1,1
4087,1,1
4088,1,1
4089,1,0
4090,1,1
4091,1,1
4092,1,1
4093,1,1
4094,1,1
4095,1,0
4096,1,1
4097,1,1
4098,1,1
4099,1,1
4100,1,1
4101,1,1
4102,1,1
4103,1,1
4104,1,1
4105,1,1
4106,1,1
4107,1,1
4108,1,1
4109,1,1
4110,1,1
4111,1,0
4112,1,1
4113,1,1
4114,1,0
4115,1,1
4116,1,1
4117,1,0
4118,1,1
4119,1,1
4120,1,1
4121,1,1
4122,1,1
4123,1,1
4124,1,1
4125,1,1
4126,1,0
4127,1,0
4128,1,1
4129,1,1
4130,1,1
4131,1,1
4132,1,1
4133,1,0
4134,1,1
4135,1,0
4136,1,1
4137,1,1
4138,1,0
4139,1,1
4140,1,1
4141,1,1
4142,1,0
4143,1,1
4144,1,1
4145,1,1
4146,1,1
4147,1,1
4148,1,1
4149,1,1
4150,1,1
4151,1,0
4152,1,1
4153,1,1
4154,1,1
4155,1,1
4156,1,1
4157,1,1
4158,1,1
4159,1,0
4160,1,1
4161,1,0
4162,1,1
4163,1,1
4164,1,1
4165,1,0
4166,1,1
4167,1,1
4168,1,1
4169,1,1
4170,1,0
4171,1,0
4172,1,1
4173,1,1
4174,1,1
4175,1,1
4176,1,1
4177,1,0
4178,1,1
4179,1,1
4180,1,1
4181,1,1
4182,1,1
4183,1,1
4184,1,1
4185,1,1
4186,1,0
4187,1,1
4188,1,1
4189,1,1
4190,1,1
4191,1,1
4192,1,1
4193,1,0
4194,1,1
4195,1,1
4196,1,1
4197,1,1
4198,1,1
4199,1,1
4200,1,1
4201,1,1
4202,1,0
4203,1,0
4204,1,0
4205,1,1
4206,1,1
4207,1,1
4208,1,0
4209,1,1
4210,1,1
4211,1,0
4212,1,1
4213,1,0
4214,1,1
4215,1,1
4216,1,1
4217,1,1
4218,1,1
4219,1,1
4220,1,1
4221,1,1
4222,1,1
4223,1,0
4224,1,1
4225,1,1
4226,1,1
4227,1,1
4228,1,1
4229,1,0
4230,1,0
4231,1,1
4232,1,1
4233,1,1
4234,1,0
4235,1,1
4236,1,1
4237,1,0
4238,1,0
4239,1,0
4240,1,1
4241,1,0
4242,1,1
4243,1,1
4244,1,1
4245,1,0
4246,1,1
4247,1,1
4248,1,1
4249,1,1
4250,1,1
4251,1,0
4252,1,1
4253,1,1
4254,1,1
4255,1,1
4256,1,1
4257,1,1
4258,1,0
4259,1,1
4260,1,1
4261,1,1
4262,1,0
4263,1,0
4264,1,1
4265,1,1
4266,1,1
4267,1,1
4268,1,1
4269,1,1
4270,1,1
4271,1,1
4272,1,0
4273,1,1
4274,1,1
4275,1,0
4276,1,1
4277,1,1
4278,1,1
4279,1,1
4280,1,1
4281,1,1
4282,1,1
4283,1,1
4284,1,0
4285,1,1
4286,1,1
4287,1,1
4288,1,1
4289,1,1
4290,1,0
4291,1,1
4292,1,1
4293,1,0
4294,1,1
4295,1,1
4296,1,0
4297,1,1
4298,1,1
4299,1,0
4300,1,1
4301,1,1
4302,1,1
4303,1,1
4304,1,1
4305,1,1
4306,1,1
4307,1,1
4308,1,1
4309,1,1
4310,1,1
4311,1,1
4312,1,1
4313,1,1
4314,1,1
4315,1,1
4316,1,1
4317,1,0
4318,1,1
4319,1,0
4320,1,1
4321,1,0
4322,1,1
4323,1,1
4324,1,1
4325,1,0
4326,1,1
4327,1,1
4328,1,0
4329,1,1
4330,1,1
4331,1,1
4332,1,0
4333,1,1
4334,1,1
4335,1,1
4336,1,0
4337,1,1
4338,1,0
4339,1,1
4340,1,1
4341,1,1
4342,1,0
4343,1,0
4344,1,0
4345,1,1
4346,1,1
4347,1,1
4348,1,1
4349,1,1
4350,1,1
4351,1,1
4352,1,0
4353,1,0
4354,1,1
4355,1,1
4356,1,0
4357,1,0
4358,1,1
4359,1,1
4360,1,1
4361,1,1
4362,1,1
4363,1,1
4364,1,1
4365,1,0
4366,1,1
4367,1,1
4368,1,1
4369,1,1
4370,1,1
4371,1,1
4372,1,0
4373,1,1
4374,1,1
4375,1,1
4376,1,0
4377,1,0
4378,1,0
4379,1,1
4380,1,1
4381,1,1
4382,1,1
4383,1,1
4384,1,1
4385,1,0
4386,1,1
4387,1,1
4388,1,1
4389,1,1
4390,1,1
4391,1,1
4392,1,0
4393,1,1
4394,1,0
4395,1,0
4396,1,1
4397,1,1
4398,1,1
4399,1,1
4400,1,1
4401,1,0
4402,1,0
4403,1,0
4404,1,1
4405,1,1
4406,1,1
4407,1,1
4408,1,1
4409,1,0
4410,1,1
4411,1,0
4412,1,1
4413,1,0
4414,1,0
4415,1,1
4416,1,0
4417,1,1
4418,1,1
4419,1,1
4420,1,1
4421,1,1
4422,1,0
4423,1,1
4424,1,1
4425,1,1
4426,1,1
4427,1,1
4428,1,1
4429,1,1
4430,1,1
4431,1,0
4432,1,1
4433,1,1
4434,1,1
4435,1,1
4436,1,1
4437,1,0
4438,1,0
4439,1,0
4440,1,0
4441,1,0
4442,1,0
4443,1,0
4444,1,0
4445,1,0
4446,1,0
4447,1,1
4448,1,1
4449,1,1
4450,1,0
4451,1,1
4452,1,0
4453,1,0
4454,1,1
4455,1,1
4456,1,0
4457,1,1
4458,1,1
4459,1,1
4460,1,0
4461,1,0
4462,1,0
4463,1,0
4464,1,1
4465,1,1
4466,1,1
4467,1,1
4468,1,0
4469,1,1
4470,1,0
4471,1,1
4472,1,0
4473,1,1
4474,1,0
4475,1,1
4476,1,1
4477,1,1
4478,1,0
4479,1,0
4480,1,0
4481,1,1
4482,1,0
4483,1,1
4484,1,0
4485,1,0
4486,1,0
4487,1,0
4488,1,1
4489,1,1
4490,1,1
4491,1,1
4492,1,1
4493,1,0
4494,1,1
4495,1,1
4496,1,1
4497,1,0
4498,1,1
4499,1,0
4500,1,0
4501,1,1
4502,1,0
4503,1,1
4504,1,1
4505,1,1
4506,1,0
4507,1,0
4508,1,0
4509,1,1
4510,1,1
4511,1,0
4512,1,1
4513,1,0
4514,1,0
4515,1,1
4516,1,1
4517,1,0
4518,1,1
4519,1,0
4520,1,1
4521,1,1
4522,1,1
4523,1,1
4524,1,1
4525,1,0
4526,1,1
4527,1,1
4528,1,1
4529,1,1
4530,1,0
4531,1,1
4532,1,1
4533,1,0
4534,1,0
4535,1,0
4536,1,1
4537,1,0
4538,1,0
4539,1,1
4540,1,0
4541,1,1
4542,1,0
4543,1,1
4544,1,1
4545,1,0
4546,1,0
4547,1,1
4548,1,1
4549,1,0
4550,1,0
4551,1,0
4552,1,0
4553,1,0
4554,1,1
4555,1,0
4556,1,0
4557,1,0
4558,1,0
4559,1,1
4560,1,1
4561,1,0
4562,1,1
4563,1,1
4564,1,1
4565,1,1
4566,1,1
4567,1,1
4568,1,0
4569,1,1
4570,1,0
4571,1,1
4572,1,1
4573,1,1
4574,1,1
4575,1,1
4576,1,1
4577,1,1
4578,1,1
4579,1,1
4580,1,0
4581,1,1
4582,1,1
4583,1,0
4584,1,1
4585,1,1
4586,1,1
4587,1,0
4588,1,1
4589,1,1
4590,1,1
4591,1,1
4592,1,1
4593,1,1
4594,1,1
4595,1,1
4596,1,1
4597,1,0
4598,1,1
4599,1,1
4600,1,1
4601,1,1
4602,1,0
4603,1,1
4604,1,1
4605,1,1
4606,1,1
4607,1,1
4608,1,1
4609,1,1
4610,1,0
4611,1,0
4612,1,0
4613,1,0
4614,1,0
4615,1,0
4616,1,1
4617,1,1
4618,1,0
4619,1,0
4620,1,0
4621,1,1
4622,1,0
4623,1,0
4624,1,1
4625,1,1
4626,1,1
4627,1,1
4628,1,1
4629,1,1
4630,1,1
4631,1,0
4632,1,1
4633,1,1
4634,1,0
4635,1,1
4636,1,1
4637,1,0
4638,1,1
4639,1,1
4640,1,1
4641,1,1
4642,1,1
4643,1,1
4644,1,0
4645,1,1
4646,1,1
4647,1,1
4648,1,1
4649,1,1
4650,1,1
4651,1,1
4652,1,0
4653,1,0
4654,1,1
4655,1,0
4656,1,1
4657,1,1
4658,1,0
4659,1,1
4660,1,1
4661,1,1
4662,1,1
4663,1,1
4664,1,1
4665,1,1
4666,1,1
4667,1,1
4668,1,0
4669,1,1
4670,1,0
4671,1,1
4672,1,1
4673,1,1
4674,1,0
4675,1,1
4676,1,1
4677,1,0
4678,1,1
4679,1,0
4680,1,1
4681,1,0
4682,1,0
4683,1,0
4684,1,0
4685,1,0
4686,1,1
4687,1,0
4688,1,0
4689,1,0
4690,1,1
4691,1,1
4692,1,1
4693,1,0
4694,1,0
4695,1,0
4696,1,1
4697,1,1
4698,1,1
4699,1,1
4700,1,0
4701,1,1
4702,1,1
4703,1,1
4704,1,1
4705,1,1
4706,1,1
4707,1,1
4708,1,1
4709,1,0
4710,1,0
4711,1,1
4712,1,1
4713,1,1
4714,1,1
4715,1,0
4716,1,0
4717,1,1
4718,1,0
4719,1,1
4720,1,1
4721,1,0
4722,1,0
4723,1,1
4724,1,1
4725,1,1
4726,1,0
4727,1,0
4728,1,1
4729,1,1
4730,1,1
4731,1,1
4732,1,1
4733,1,1
4734,1,1
4735,1,0
4736,1,1
4737,1,1
4738,1,1
4739,1,1
4740,1,0
4741,1,1
4742,1,0
4743,1,1
4744,1,1
4745,1,1
4746,1,1
4747,1,1
4748,1,1
4749,1,0
4750,1,1
4751,1,1
4752,1,0
4753,1,1
4754,1,1
4755,1,1
4756,1,1
4757,1,1
4758,1,1
4759,1,0
4760,1,1
4761,1,1
4762,1,1
4763,1,1
4764,1,1
4765,1,1
4766,1,1
4767,1,0
4768,1,1
4769,1,1
4770,1,0
4771,1,1
4772,1,1
4773,1,1
4774,1,1
4775,1,0
4776,1,1
4777,1,0
4778,1,0
4779,1,0
4780,1,0
4781,1,1
4782,1,0
4783,1,0
4784,1,1
4785,1,0
4786,1,1
4787,1,1
4788,1,1
4789,1,1
4790,1,1
4791,1,0
4792,1,1
4793,1,0
4794,1,1
4795,1,1
4796,1,1
4797,1,1
4798,1,1
4799,1,1
4800,1,1
4801,1,0
4802,1,1
4803,1,1
4804,1,1
4805,1,0
4806,1,1
4807,1,1
4808,1,1
4809,1,0
4810,1,1
4811,1,1
4812,1,1
4813,1,0
4814,1,0
4815,1,1
4816,1,0
4817,1,0
4818,1,0
4819,1,0
4820,1,0
4821,1,1
4822,1,1
4823,1,1
4824,1,0
4825,1,1
4826,1,1
4827,1,1
4828,1,1
4829,1,1
4830,1,0
4831,1,0
4832,1,0
4833,1,1
4834,1,1
4835,1,1
4836,1,1
4837,1,1
4838,1,0
4839,1,1
4840,1,1
4841,1,1
4842,1,0
4843,1,0
4844,1,1
4845,1,1
4846,1,1
4847,1,1
4848,1,1
4849,1,1
4850,1,1
4851,1,0
4852,1,0
4853,1,1
4854,1,1
4855,1,1
4856,1,1
4857,1,1
4858,1,1
4859,1,1
4860,1,0
4861,1,1
4862,1,0
4863,1,1
4864,1,1
4865,1,0
4866,1,1
4867,1,1
4868,1,1
4869,1,1
4870,1,0
4871,1,0
4872,1,1
4873,1,1
4874,1,0
4875,1,1
4876,1,1
4877,1,1
4878,1,1
4879,1,1
4880,1,1
4881,1,1
4882,1,1
4883,1,0
4884,1,1
4885,1,1
4886,1,1
4887,1,1
4888,1,1
4889,1,0
4890,1,0
4891,1,1
4892,1,0
4893,1,1
4894,1,1
4895,1,1
4896,1,1
4897,1,1
4898,1,0
4899,1,0
4900,1,0
4901,1,0
4902,1,0
4903,1,1
4904,1,0
4905,1,1
4906,1,1
4907,1,1
4908,1,0
4909,1,1
4910,1,1
4911,1,0
4912,1,0
4913,1,1
4914,1,0
4915,1,0
4916,1,0
4917,1,0
4918,1,1
4919,1,1
4920,1,0
4921,1,0
4922,1,0
4923,1,1
4924,1,1
4925,1,1
4926,1,0
4927,1,1
4928,1,1
4929,1,1
4930,1,1
4931,1,1
4932,1,1
4933,1,0
4934,1,1
4935,1,1
4936,1,1
4937,1,0
4938,1,0
4939,1,1
4940,1,0
4941,1,0
4942,1,1
4943,1,1
4944,1,1
4945,1,1
4946,1,1
4947,1,0
4948,1,0
4949,1,1
4950,1,0
4951,1,0
4952,1,0
4953,1,1
4954,1,1
4955,1,1
4956,1,0
4957,1,0
4958,1,0
4959,1,0
4960,1,0
4961,1,1
4962,1,0
4963,1,0
4964,1,0
4965,1,1
4966,1,1
4967,1,1
4968,1,1
4969,1,1
4970,1,1
4971,1,1
4972,1,1
4973,1,1
4974,1,1
4975,1,1
4976,1,1
4977,1,1
4978,1,1
4979,1,1
4980,1,1
4981,1,1
4982,1,1
4983,1,1
4984,1,1
4985,1,1
4986,1,1
4987,1,0
4988,1,0
4989,1,1
4990,1,1
4991,1,0
4992,1,1
4993,1,1
4994,1,1
4995,1,1
4996,1,1
4997,1,1
4998,1,0
4999,1,1
5000,1,1
5001,1,1
5002,1,0
5003,1,0
5004,1,1
5005,1,0
5006,1,1
5007,1,1
5008,1,0
5009,1,1
5010,1,1
5011,1,1
5012,1,1
5013,1,1
5014,1,1
5015,1,1
5016,1,0
5017,1,1
5018,1,1
5019,1,1
5020,1,0
5021,1,0
5022,1,1
5023,1,1
5024,1,1
5025,1,1
5026,1,1
5027,1,1
5028,1,1
5029,1,1
5030,1,1
5031,1,1
5032,1,0
5033,1,0
5034,1,0
5035,1,0
5036,1,1
5037,1,1
5038,1,1
5039,1,0
5040,1,1
5041,1,0
5042,1,0
5043,1,1
5044,1,1
5045,1,1
5046,1,0
5047,1,1
5048,1,1
5049,1,0
5050,1,0
5051,1,1
5052,1,0
5053,1,0
5054,1,0
5055,1,1
5056,1,1
5057,1,1
5058,1,1
5059,1,0
5060,1,1
5061,1,1
5062,1,0
5063,1,1
5064,1,1
5065,1,1
5066,1,1
5067,1,0
5068,1,1
5069,1,1
5070,1,0
5071,1,1
5072,1,0
5073,1,1
5074,1,1
5075,1,0
5076,1,1
5077,1,1
5078,1,0
5079,1,0
5080,1,1
5081,1,0
5082,1,0
5083,1,0
5084,1,1
5085,1,0
5086,1,1
5087,1,0
5088,1,0
5089,1,1
5090,1,0
5091,1,1
5092,1,1
5093,1,1
5094,1,0
5095,1,1
5096,1,1
5097,1,1
5098,1,1
5099,1,1
5100,1,1
5101,1,1
5102,1,0
5103,1,1
5104,1,1
5105,1,1
5106,1,1
5107,1,1
5108,1,1
5109,1,1
5110,1,0
5111,1,1
5112,1,0
5113,1,0
5114,1,0
5115,1,1
5116,1,0
5117,1,1
5118,1,1
5119,1,1
5120,1,1
5121,1,1
5122,1,1
5123,1,1
5124,1,1
5125,1,1
5126,1,1
5127,1,0
5128,1,1
5129,1,1
5130,1,1
5131,1,0
5132,1,1
5133,1,1
5134,1,1
5135,1,0
5136,1,0
5137,1,1
5138,1,0
5139,1,0
5140,1,1
5141,1,1
5142,1,1
5143,1,1
5144,1,1
5145,1,1
5146,1,1
5147,1,1
5148,1,1
5149,1,1
5150,1,1
5151,1,1
5152,1,1
5153,1,0
5154,1,1
5155,1,0
5156,1,0
5157,1,1
5158,1,0
5159,1,0
5160,1,0
5161,1,1
5162,1,0
5163,1,0
5164,1,0
5165,1,0
5166,1,0
5167,1,0
5168,1,0
5169,1,0
5170,1,0
5171,1,0
5172,1,0
5173,1,1
5174,1,1
5175,1,1
5176,1,1
5177,1,1
5178,1,0
5179,1,1
5180,1,1
5181,1,0
5182,1,0
5183,1,0
5184,1,0
5185,1,1
5186,1,1
5187,1,1
5188,1,1
5189,1,0
5190,1,1
5191,1,1
5192,1,1
5193,1,0
5194,1,1
5195,1,1
5196,1,1
5197,1,1
5198,1,1
5199,1,0
5200,1,1
5201,1,1
5202,1,1
5203,1,0
5204,1,1
5205,1,1
5206,1,0
5207,1,1
5208,1,1
5209,1,1
5210,1,0
5211,1,1
5212,1,1
5213,1,1
5214,1,0
5215,1,1
5216,1,1
5217,1,1
5218,1,1
5219,1,1
5220,1,1
5221,1,0
5222,1,1
5223,1,0
5224,1,1
5225,1,1
5226,1,1
5227,1,1
5228,1,1
5229,1,1
5230,1,1
5231,1,1
5232,1,1
5233,1,1
5234,1,0
5235,1,0
5236,1,1
5237,1,0
5238,1,0
5239,1,1
5240,1,1
5241,1,1
5242,1,1
5243,1,1
5244,1,1
5245,1,0
5246,1,0
5247,1,1
5248,1,1
5249,1,1
5250,1,1
5251,1,0
5252,1,1
5253,1,0
5254,1,1
5255,1,1
5256,1,1
5257,1,1
5258,1,1
5259,1,1
5260,1,1
5261,1,0
5262,1,1
5263,1,1
5264,1,1
5265,1,1
5266,1,1
5267,1,0
5268,1,0
5269,1,1
5270,1,0
5271,1,0
5272,1,0
5273,1,1
5274,1,1
5275,1,0
5276,1,1
5277,1,0
5278,1,0
5279,1,1
5280,1,1
5281,1,1
5282,1,1
5283,1,1
5284,1,1
5285,1,1
5286,1,0
5287,1,1
5288,1,1
5289,1,1
5290,1,1
5291,1,0
5292,1,1
5293,1,0
5294,1,1
5295,1,1
5296,1,1
5297,1,0
5298,1,1
5299,1,1
5300,1,1
5301,1,1
5302,1,1
5303,1,1
5304,1,1
5305,1,0
5306,1,1
5307,1,1
5308,1,1
5309,1,0
5310,1,1
5311,1,1
5312,1,1
5313,1,0
5314,1,1
5315,1,1
5316,1,1
5317,1,1
5318,1,1
5319,1,1
5320,1,1
5321,1,1
5322,1,1
5323,1,1
5324,1,1
5325,1,0
5326,1,1
5327,1,0
5328,1,1
5329,1,1
5330,1,1
5331,1,1
5332,1,1
5333,1,1
5334,1,0
5335,1,0
5336,1,1
5337,1,1
5338,1,1
5339,1,1
5340,1,1
5341,1,1
5342,1,1
5343,1,1
5344,1,1
5345,1,1
5346,1,1
5347,1,1
5348,1,1
5349,1,1
5350,1,0
5351,1,1
5352,1,1
5353,1,1
5354,1,1
5355,1,0
5356,1,1
5357,1,1
5358,1,1
5359,1,0
5360,1,0
5361,1,0
5362,1,0
5363,1,1
5364,1,1
5365,1,1
5366,1,1
5367,1,1
5368,1,1
5369,1,1
5370,1,1
5371,1,1
5372,1,0
5373,1,1
5374,1,0
5375,1,1
5376,1,0
5377,1,0
5378,1,0
5379,1,1
5380,1,1
5381,1,0
5382,1,1
5383,1,1
5384,1,0
5385,1,1
5386,1,1
5387,1,1
5388,1,1
5389,1,1
5390,1,1
5391,1,1
5392,1,1
5393,1,1
5394,1,1
5395,1,0
5396,1,0
5397,1,1
5398,1,1
5399,1,0
5400,1,0
5401,1,1
5402,1,0
5403,1,0
5404,1,0
5405,1,0
5406,1,0
5407,1,0
5408,1,0
5409,1,1
5410,1,1
5411,1,1
5412,1,1
5413,1,1
5414,1,0
5415,1,1
5416,1,1
5417,1,1
5418,1,1
5419,1,1
5420,1,1
5421,1,1
5422,1,1
5423,1,0
5424,1,0
5425,1,1
5426,1,0
5427,1,1
5428,1,0
5429,1,1
5430,1,1
5431,1,1
5432,1,1
5433,1,1
5434,1,1
5435,1,0
5436,1,0
5437,1,1
5438,1,1
5439,1,0
5440,1,1
5441,1,1
5442,1,0
5443,1,0
5444,1,1
5445,1,0
5446,1,1
5447,1,0
5448,1,0
5449,1,0
5450,1,1
5451,1,0
5452,1,1
5453,1,1
5454,1,1
5455,1,0
5456,1,0
5457,1,1
5458,1,1
5459,1,1
5460,1,1
5461,1,1
5462,1,1
5463,1,0
5464,1,0
5465,1,1
5466,1,1
5467,1,1
5468,1,1
5469,1,1
5470,1,1
5471,1,1
5472,1,1
5473,1,1
5474,1,0
5475,1,1
5476,1,0
5477,1,1
5478,1,0
5479,1,1
5480,1,1
5481,1,1
5482,1,1
5483,1,1
5484,1,0
5485,1,1
5486,1,0
5487,1,1
5488,1,1
5489,1,0
5490,1,1
5491,1,1
5492,1,0
5493,1,1
5494,1,0
5495,1,1
5496,1,1
5497,1,1
5498,1,1
5499,1,0
5500,1,0
5501,1,0
5502,1,0
5503,1,0
5504,1,0
5505,1,0
5506,1,0
5507,1,1
5508,1,1
5509,1,1
5510,1,1
5511,1,0
5512,1,0
5513,1,1
5514,1,0
5515,1,1
5516,1,1
5517,1,1
5518,1,0
5519,1,1
5520,1,1
5521,1,0
5522,1,0
5523,1,0
5524,1,0
5525,1,0
5526,1,0
5527,1,1
5528,1,1
5529,1,0
5530,1,0
5531,1,1
5532,1,0
5533,1,0
5534,1,1
5535,1,0
5536,1,1
5537,1,0
5538,1,1
5539,1,1
5540,1,1
5541,1,0
5542,1,1
5543,1,1
5544,1,1
5545,1,1
5546,1,1
5547,1,0
5548,1,1
5549,1,1
5550,1,1
5551,1,0
5552,1,1
5553,1,1
5554,1,0
5555,1,1
5556,1,0
5557,1,1
5558,1,1
5559,1,1
5560,1,1
5561,1,1
5562,1,1
5563,1,1
5564,1,0
5565,1,1
5566,1,1
5567,1,1
5568,1,1
5569,1,1
5570,1,1
5571,1,0
5572,1,1
5573,1,1
5574,1,1
5575,1,1
5576,1,1
5577,1,1
5578,1,1
5579,1,1
5580,1,1
5581,1,1
5582,1,0
5583,1,1
5584,1,0
5585,1,0
5586,1,1
5587,1,1
5588,1,0
5589,1,1
5590,1,0
5591,1,0
5592,1,1
5593,1,1
5594,1,1
5595,1,1
5596,1,1
5597,1,1
5598,1,1
5599,1,1
5600,1,1
5601,1,0
5602,1,1
5603,1,1
5604,1,1
5605,1,0
5606,1,1
5607,1,0
5608,1,1
5609,1,1
5610,1,1
5611,1,1
5612,1,1
5613,1,1
5614,1,0
5615,1,1
5616,1,1
5617,1,1
5618,1,0
5619,1,0
5620,1,0
5621,1,1
5622,1,1
5623,1,1
5624,1,0
5625,1,1
5626,1,1
5627,1,0
5628,1,1
5629,1,0
5630,1,1
5631,1,1
5632,1,1
5633,1,1
5634,1,1
5635,1,1
5636,1,1
5637,1,1
5638,1,0
5639,1,1
5640,1,1
5641,1,1
5642,1,1
5643,1,1
5644,1,1
5645,1,1
5646,1,1
5647,1,1
5648,1,0
5649,1,1
5650,1,0
5651,1,1
5652,1,1
5653,1,1
5654,1,0
5655,1,1
5656,1,1
5657,1,1
5658,1,0
5659,1,0
5660,1,0
5661,1,1
5662,1,1
5663,1,0
5664,1,1
5665,1,1
5666,1,1
5667,1,1
5668,1,1
5669,1,1
5670,1,0
5671,1,1
5672,1,0
5673,1,0
5674,1,1
5675,1,1
5676,1,0
5677,1,0
5678,1,0
5679,1,1
5680,1,1
5681,1,1
5682,1,1
5683,1,0
5684,1,0
5685,1,0
5686,1,0
5687,1,0
5688,1,1
5689,1,1
5690,1,0
5691,1,0
5692,1,0
5693,1,0
5694,1,0
5695,1,1
5696,1,0
5697,1,1
5698,1,0
5699,1,0
5700,1,1
5701,1,1
5702,1,0
5703,1,0
5704,1,1
5705,1,1
5706,1,1
5707,1,0
5708,1,1
5709,1,1
5710,1,0
5711,1,0
5712,1,0
5713,1,0
5714,1,0
5715,1,1
5716,1,1
5717,1,1
5718,1,1
5719,1,1
5720,1,1
5721,1,1
5722,1,0
5723,1,0
5724,1,1
5725,1,1
5726,1,1
5727,1,1
5728,1,0
5729,1,1
5730,1,1
5731,1,1
5732,1,1
5733,1,0
5734,1,1
5735,1,1
5736,1,1
5737,1,0
5738,1,1
5739,1,1
5740,1,1
5741,1,1
5742,1,1
5743,1,1
5744,1,1
5745,1,1
5746,1,1
5747,1,1
5748,1,0
5749,1,1
5750,1,1
5751,1,1
5752,1,1
5753,1,1
5754,1,1
5755,1,1
5756,1,1
5757,1,1
5758,1,1
5759,1,1
5760,1,1
5761,1,1
5762,1,1
5763,1,1
5764,1,0
5765,1,1
5766,1,1
5767,1,0
5768,1,1
5769,1,1
5770,1,0
5771,1,1
5772,1,0
5773,1,1
5774,1,1
5775,1,1
5776,1,1
5777,1,1
5778,1,1
5779,1,1
5780,1,0
5781,1,1
5782,1,0
5783,1,0
5784,1,1
5785,1,0
5786,1,1
5787,1,1
5788,1,0
5789,1,0
5790,1,1
5791,1,0
5792,1,0
5793,1,0
5794,1,0
5795,1,0
5796,1,1
5797,1,1
5798,1,0
5799,1,0
5800,1,0
5801,1,1
5802,1,1
5803,1,1
5804,1,0
5805,1,1
5806,1,1
5807,1,0
5808,1,0
5809,1,1
5810,1,1
5811,1,1
5812,1,0
5813,1,1
5814,1,1
5815,1,1
5816,1,1
5817,1,1
5818,1,1
5819,1,0
5820,1,1
5821,1,1
5822,1,0
5823,1,0
5824,1,1
5825,1,1
5826,1,0
5827,1,1
5828,1,1
5829,1,1
5830,1,0
5831,1,0
5832,1,1
5833,1,1
5834,1,1
5835,1,1
5836,1,0
5837,1,1
5838,1,0
5839,1,1
5840,1,1
5841,1,1
5842,1,0
5843,1,1
5844,1,1
5845,1,0
5846,1,1
5847,1,1
5848,1,1
5849,1,0
5850,1,0
5851,1,0
5852,1,0
5853,1,1
5854,1,1
5855,1,1
5856,1,1
5857,1,1
5858,1,1
5859,1,1
5860,1,1
5861,1,1
5862,1,1
5863,1,0
5864,1,1
5865,1,1
5866,1,1
5867,1,1
5868,1,1
5869,1,1
5870,1,1
5871,1,1
5872,1,1
5873,1,1
5874,1,1
5875,1,1
5876,1,1
5877,1,0
5878,1,1
5879,1,1
5880,1,1
5881,1,1
5882,1,0
5883,1,0
5884,1,0
5885,1,0
5886,1,1
5887,1,0
5888,1,1
5889,1,1
5890,1,1
5891,1,1
5892,1,1
5893,1,1
5894,1,1
5895,1,1
5896,1,0
5897,1,0
5898,1,1
5899,1,1
5900,1,1
5901,1,1
5902,1,1
5903,1,1
5904,1,1
5905,1,1
5906,1,1
5907,1,0
5908,1,1
5909,1,1
5910,1,0
5911,1,1
5912,1,0
5913,1,1
5914,1,1
5915,1,0
5916,1,1
5917,1,1
5918,1,1
5919,1,1
5920,1,1
5921,1,1
5922,1,1
5923,1,0
5924,1,1
5925,1,1
5926,1,1
5927,1,1
5928,1,1
5929,1,1
5930,1,1
5931,1,1
5932,1,1
5933,1,1
5934,1,1
5935,1,1
5936,1,1
5937,1,1
5938,1,0
5939,1,1
5940,1,1
5941,1,1
5942,1,0
5943,1,0
5944,1,0
5945,1,0
5946,1,1
5947,1,1
5948,1,1
5949,1,0
5950,1,1
5951,1,1
5952,1,1
5953,1,1
5954,1,1
5955,1,1
5956,1,1
5957,1,1
5958,1,1
5959,1,1
5960,1,1
5961,1,1
5962,1,1
5963,1,1
5964,1,1
5965,1,1
5966,1,1
5967,1,0
5968,1,1
5969,1,1
5970,1,0
5971,1,1
5972,1,0
5973,1,1
5974,1,1
5975,1,1
5976,1,0
5977,1,1
5978,1,1
5979,1,1
5980,1,1
5981,1,1
5982,1,0
5983,1,1
5984,1,1
5985,1,1
5986,1,0
5987,1,0
5988,1,1
5989,1,1
5990,1,1
5991,1,1
5992,1,1
5993,1,1
5994,1,1
5995,1,1
5996,1,1
5997,1,1
5998,1,1
5999,1,1
6000,1,1
6001,1,1
6002,1,1
6003,1,1
6004,1,1
6005,1,1
6006,1,0
6007,1,1
6008,1,1
6009,1,1
6010,1,0
6011,1,1
6012,1,0
6013,1,1
6014,1,1
6015,1,1
6016,1,1
6017,1,1
6018,1,1
6019,1,1
6020,1,1
6021,1,1
6022,1,1
6023,1,1
6024,1,1
6025,1,1
6026,1,1
6027,1,1
6028,1,1
6029,1,1
6030,1,0
6031,1,0
6032,1,1
6033,1,1
6034,1,1
6035,1,0
6036,1,1
6037,1,1
6038,1,1
6039,1,1
6040,1,1
6041,1,1
6042,1,1
6043,1,1
6044,1,1
6045,1,1
6046,1,0
6047,1,1
6048,1,1
6049,1,1
6050,1,1
6051,1,1
6052,1,0
6053,1,1
6054,1,1
6055,1,1
6056,1,1
6057,1,1
6058,1,1
6059,1,1
6060,1,1
6061,1,0
6062,1,1
6063,1,1
6064,1,1
6065,1,1
6066,1,1
6067,1,0
6068,1,0
6069,1,0
6070,1,0
6071,1,0
6072,1,1
6073,1,1
6074,1,1
6075,1,0
6076,1,1
6077,1,1
6078,1,1
6079,1,1
6080,1,1
6081,1,1
6082,1,0
6083,1,1
6084,1,0
6085,1,0
6086,1,0
6087,1,1
6088,1,1
6089,1,1
6090,1,0
6091,1,0
6092,1,1
6093,1,0
6094,1,1
6095,1,0
6096,1,1
6097,1,0
6098,1,0
6099,1,1
6100,1,1
6101,1,1
6102,1,0
6103,1,1
6104,1,1
6105,1,0
6106,1,0
6107,1,1
6108,1,0
6109,1,1
6110,1,0
6111,1,0
6112,1,0
6113,1,1
6114,1,1
6115,1,0
6116,1,0
6117,1,0
6118,1,1
6119,1,1
6120,1,1
6121,1,0
6122,1,1
6123,1,1
6124,1,1
6125,1,1
6126,1,0
6127,1,0
6128,1,1
6129,1,1
6130,1,1
6131,1,1
6132,1,1
6133,1,0
6134,1,1
6135,1,1
6136,1,0
6137,1,1
6138,1,0
6139,1,0
6140,1,0
6141,1,0
6142,1,0
6143,1,0
6144,1,0
6145,1,0
6146,1,0
6147,1,1
6148,1,0
6149,1,0
6150,1,1
6151,1,0
6152,1,0
6153,1,0
6154,1,0
6155,1,1
6156,1,1
6157,1,1
6158,1,0
6159,1,0
6160,1,0
6161,1,1
6162,1,1
6163,1,1
6164,1,1
6165,1,1
6166,1,1
6167,1,1
6168,1,1
6169,1,0
6170,1,0
6171,1,0
6172,1,0
6173,1,0
6174,1,1
6175,1,0
6176,1,0
6177,1,0
6178,1,1
6179,1,1
6180,1,1
6181,1,1
6182,1,1
6183,1,0
6184,1,1
6185,1,1
6186,1,0
6187,1,1
6188,1,1
6189,1,1
6190,1,1
6191,1,1
6192,1,1
6193,1,1
6194,1,1
6195,1,1
6196,1,0
6197,1,1
6198,1,0
6199,1,1
6200,1,1
6201,1,1
6202,1,1
6203,1,1
6204,1,0
6205,1,0
6206,1,1
6207,1,0
6208,1,0
6209,1,0
6210,1,0
6211,1,1
6212,1,1
6213,1,1
6214,1,1
6215,1,0
6216,1,1
6217,1,1
6218,1,1
6219,1,1
6220,1,0
6221,1,1
6222,1,1
6223,1,0
6224,1,1
6225,1,1
6226,1,0
6227,1,0
6228,1,0
6229,1,1
6230,1,0
6231,1,1
6232,1,1
6233,1,1
6234,1,1
6235,1,1
6236,1,1
6237,1,1
6238,1,1
6239,1,1
6240,1,1
6241,1,0
6242,1,1
6243,1,1
6244,1,1
6245,1,0
6246,1,0
6247,1,1
6248,1,0
6249,1,0
6250,1,1
6251,1,1
6252,1,0
6253,1,1
6254,1,1
6255,1,1
6256,1,1
6257,1,1
6258,1,0
6259,1,0
6260,1,1
6261,1,1
6262,1,1
6263,1,1
6264,1,1
6265,1,1
6266,1,1
6267,1,1
6268,1,1
6269,1,1
6270,1,1
6271,1,1
6272,1,0
6273,1,1
6274,1,1
6275,1,1
6276,1,0
6277,1,1
6278,1,1
6279,1,1
6280,1,0
6281,1,0
6282,1,1
6283,1,1
6284,1,1
6285,1,1
6286,1,1
6287,1,1
6288,1,1
6289,1,1
6290,1,1
6291,1,1
6292,1,1
6293,1,1
6294,1,1
6295,1,0
6296,1,1
6297,1,1
6298,1,1
6299,1,1
6300,1,1
6301,1,1
6302,1,0
6303,1,1
6304,1,1
6305,1,1
6306,1,1
6307,1,0
6308,1,1
6309,1,0
6310,1,1
6311,1,1
6312,1,0
6313,1,1
6314,1,0
6315,1,0
6316,1,1
6317,1,1
6318,1,0
6319,1,0
6320,1,0
6321,1,1
6322,1,1
6323,1,0
6324,1,1
6325,1,0
6326,1,1
6327,1,1
6328,1,0
6329,1,0
6330,1,1
6331,1,1
6332,1,1
6333,1,0
6334,1,0
6335,1,0
6336,1,1
6337,1,1
6338,1,0
6339,1,1
6340,1,1
6341,1,1
6342,1,1
6343,1,0
6344,1,1
6345,1,1
6346,1,0
6347,1,1
6348,1,1
6349,1,1
6350,1,1
6351,1,0
6352,1,0
6353,1,0
6354,1,0
6355,1,1
6356,1,1
6357,1,1
6358,1,1
6359,1,1
6360,1,1
6361,1,0
6362,1,1
6363,1,1
6364,1,0
6365,1,1
6366,1,1
6367,1,1
6368,1,1
6369,1,1
6370,1,1
6371,1,1
6372,1,0
6373,1,1
6374,1,1
6375,1,1
6376,1,0
6377,1,0
6378,1,0
6379,1,1
6380,1,1
6381,1,1
6382,1,1
6383,1,1
6384,1,0
6385,1,1
6386,1,1
6387,1,1
6388,1,1
6389,1,1
6390,1,1
6391,1,1
6392,1,1
6393,1,1
6394,1,1
6395,1,1
6396,1,0
6397,1,1
6398,1,1
6399,1,1
6400,1,1
6401,1,1
6402,1,1
6403,1,0
6404,1,0
6405,1,1
6406,1,0
6407,1,0
6408,1,1
6409,1,1
6410,1,0
6411,1,1
6412,1,1
6413,1,1
6414,1,1
6415,1,1
6416,1,1
6417,1,0
6418,1,1
6419,1,1
6420,1,1
6421,1,1
6422,1,1
6423,1,1
6424,1,1
6425,1,1
6426,1,0
6427,1,1
6428,1,0
6429,1,1
6430,1,1
6431,1,1
6432,1,0
6433,1,0
6434,1,0
6435,1,0
6436,1,1
6437,1,1
6438,1,0
6439,1,1
6440,1,1
6441,1,0
6442,1,1
6443,1,1
6444,1,0
6445,1,1
6446,1,0
6447,1,1
6448,1,1
6449,1,1
6450,1,1
6451,1,0
6452,1,0
6453,1,0
6454,1,1
6455,1,1
6456,1,1
6457,1,1
6458,1,1
6459,1,1
6460,1,0
6461,1,0
6462,1,0
6463,1,1
6464,1,0
6465,1,1
6466,1,0
6467,1,1
6468,1,0
6469,1,1
6470,1,0
6471,1,1
6472,1,1
6473,1,1
6474,1,0
6475,1,1
6476,1,0
6477,1,0
6478,1,1
6479,1,1
6480,1,1
6481,1,1
6482,1,1
6483,1,1
6484,1,1
6485,1,1
6486,1,0
6487,1,1
6488,1,1
6489,1,0
6490,1,1
6491,1,1
6492,1,0
6493,1,1
6494,1,1
6495,1,0
6496,1,0
